account_id,reporting_month,product_type,state,risk_band,status,days_past_due,ead,original_pd,stressed_pd,pd_uplift,lifetime_pd,lgd,ifrs9_stage,stage_trigger,ecl_provision,coverage_ratio
AUS-000017,2026-08-31,auto_loan,ACT,C,CURRENT,0,45862.1,0.109983,0.155763,1.4162461471318295,0.287263887831,0.38,Stage 1,performing,2714.574947274,0.059189939999999996
AUS-002565,2026-08-31,auto_loan,NSW,D,CURRENT,0,21166.28,0.227926,0.3228,1.4162491334906944,0.4427174759172866,0.38,Stage 1,performing,2596.34056992,0.122664
AUS-001527,2026-08-31,personal_loan,QLD,D,CURRENT,0,12203.9,0.206401,0.292315,1.4162479832946546,0.45396562601747215,0.62,Stage 1,performing,2211.77747767,0.1812353
AUS-000852,2026-08-31,personal_loan,SA,C,CURRENT,0,20471.18,0.120147,0.170158,1.4162484290077988,0.39188213203620337,0.62,Stage 1,performing,2159.6677287928,0.10549796
AUS-000154,2026-08-31,auto_loan,VIC,D,CURRENT,0,16625.89,0.215572,0.305304,1.4162507190173121,0.4871892388420529,0.38,Stage 1,performing,1928.8612738128002,0.11601552000000001
AUS-002752,2026-08-31,auto_loan,WA,C,CURRENT,0,35880.51,0.091121,0.12905,1.4162487242238344,0.31611769844182647,0.38,Stage 1,performing,1759.54432989,0.049039
AUS-000469,2026-08-31,personal_loan,QLD,D,CURRENT,0,6661.42,0.296185,0.419472,1.4162499788983238,0.49326726075540395,0.62,Stage 1,performing,1732.4530855488001,0.26007264
AUS-000437,2026-08-31,personal_loan,NSW,C,CURRENT,0,15108.9,0.12305,0.17427,1.416253555465258,0.37045711494944045,0.62,Stage 1,performing,1632.47736186,0.1080474
AUS-002207,2026-08-31,auto_loan,QLD,D,CURRENT,0,16497.11,0.16407,0.232364,1.416249161943073,0.35643528783854117,0.38,Stage 1,performing,1456.6670978552002,0.08829832
AUS-001680,2026-08-31,auto_loan,NSW,C,CURRENT,0,25832.55,0.097382,0.137917,1.416247355774168,0.3593110362284744,0.38,Stage 1,performing,1353.8441633730001,0.052408460000000004
AUS-001980,2026-08-31,personal_loan,SA,C,CURRENT,0,15893.92,0.095713,0.135554,1.4162548452143386,0.27945649900096337,0.62,Stage 1,performing,1335.7803476416,0.08404348
AUS-000330,2026-08-31,personal_loan,QLD,C,CURRENT,0,14027.74,0.104974,0.148669,1.4162459275630155,0.2654488802264998,0.62,Stage 1,performing,1293.0038483972,0.09217478
AUS-002579,2026-08-31,personal_loan,NSW,D,CURRENT,0,6648.04,0.215735,0.305535,1.4162514195656708,0.305535,0.62,Stage 1,performing,1259.3495188680001,0.1894317
AUS-000317,2026-08-31,personal_loan,TAS,B,CURRENT,0,31874.81,0.04181,0.059213,1.416240133939249,0.11491982063099992,0.62,Stage 1,performing,1170.1899372086,0.03671206
AUS-001621,2026-08-31,personal_loan,SA,D,CURRENT,0,8133.25,0.155736,0.220561,1.4162492936764781,0.32600753253074444,0.62,Stage 1,performing,1112.2042070149998,0.13674782
AUS-002252,2026-08-31,auto_loan,ACT,D,CURRENT,0,8989.74,0.190162,0.269317,1.4162503549605072,0.422534882022367,0.38,Stage 1,performing,920.0141268803999,0.10234046
AUS-000177,2026-08-31,personal_loan,NSW,C,CURRENT,0,7240.88,0.13973,0.197893,1.416252773205468,0.46462485921166863,0.62,Stage 1,performing,888.4100688208001,0.12269366000000001
AUS-001480,2026-08-31,auto_loan,NSW,C,CURRENT,0,11036.74,0.146469,0.207437,1.4162519031330865,0.42983791335691857,0.38,Stage 1,performing,869.9827294444,0.07882606
AUS-001344,2026-08-31,auto_loan,ACT,C,CURRENT,0,10719.06,0.148519,0.21034,1.4162497727563474,0.21033999999999997,0.38,Stage 1,performing,856.765890552,0.0799292
AUS-001677,2026-08-31,auto_loan,QLD,C,CURRENT,0,10536.51,0.149864,0.212245,1.4162507339988255,0.3145864539516755,0.38,Stage 1,performing,849.802194681,0.08065309999999999
AUS-000332,2026-08-31,personal_loan,NSW,B,CURRENT,0,23044.51,0.041861,0.059286,1.4162585700293828,0.1329028664162255,0.62,Stage 1,performing,847.0544283131999,0.036757319999999996
AUS-001516,2026-08-31,personal_loan,QLD,C,CURRENT,0,8332.45,0.108508,0.153674,1.416245806760792,0.29362252873738093,0.62,Stage 1,performing,793.8981712060001,0.09527788000000001
AUS-002143,2026-08-31,auto_loan,VIC,C,CURRENT,0,11521.19,0.122415,0.17337,1.4162480088224483,0.4261158578126484,0.38,Stage 1,performing,759.022909914,0.0658806
AUS-000435,2026-08-31,personal_loan,NSW,C,CURRENT,0,11716.56,0.073433,0.103999,1.41624337831765,0.20449539761868363,0.62,Stage 1,performing,755.4765245328,0.06447938
AUS-001426,2026-08-31,personal_loan,QLD,C,CURRENT,0,11328.68,0.075735,0.10726,1.4162540437050242,0.1954440725304083,0.62,Stage 1,performing,753.370814416,0.0665012
AUS-001824,2026-08-31,auto_loan,QLD,C,CURRENT,0,16546.26,0.082854,0.117342,1.4162502715620249,0.22091485503600006,0.38,Stage 1,performing,737.7970715495999,0.04458996
AUS-002177,2026-08-31,personal_loan,VIC,B,CURRENT,0,13112.75,0.062851,0.089013,1.4162543157626766,0.20172149765587188,0.62,Stage 1,performing,723.667233765,0.05518806
AUS-000052,2026-08-31,personal_loan,VIC,C,CURRENT,0,6507.94,0.125915,0.178327,1.4162490569034667,0.3137119321891615,0.62,Stage 1,performing,719.5356781556,0.11056273999999999
AUS-001457,2026-08-31,personal_loan,QLD,C,CURRENT,0,6775.75,0.118267,0.167496,1.4162530545291587,0.2168437133594544,0.62,Stage 1,performing,703.64483364,0.10384752
AUS-001660,2026-08-31,personal_loan,SA,B,CURRENT,0,14731.55,0.052892,0.074908,1.4162444225969901,0.1874942045017094,0.62,Stage 1,performing,684.176787388,0.04644296
AUS-000375,2026-08-31,personal_loan,NSW,C,CURRENT,0,5592.73,0.136751,0.193674,1.4162528976022113,0.3839031423935091,0.62,Stage 1,performing,671.5631618124,0.12007788000000001
AUS-002896,2026-08-31,personal_loan,QLD,C,CURRENT,0,8722.64,0.087493,0.123912,1.4162504428925742,0.29726116992919127,0.62,Stage 1,performing,670.1206559615999,0.07682544
AUS-000848,2026-08-31,auto_loan,VIC,C,CURRENT,0,10966.08,0.113307,0.160471,1.4162496580087727,0.16047100000000003,0.38,Stage 1,performing,668.7003729984,0.06097898
AUS-000064,2026-08-31,auto_loan,NSW,C,CURRENT,0,14113.98,0.080819,0.11446,1.416251129066185,0.20783493771576733,0.38,Stage 1,performing,613.8847373039999,0.0434948
AUS-001059,2026-08-31,auto_loan,SA,C,CURRENT,0,14732.19,0.076471,0.108302,1.4162492971191694,0.19724299792333266,0.38,Stage 1,performing,606.2997437244,0.04115475999999999
AUS-002561,2026-08-31,auto_loan,NSW,B,CURRENT,0,17134.07,0.065707,0.093058,1.4162570198000213,0.2102605621847451,0.38,Stage 1,performing,605.8956687028001,0.035362040000000004
AUS-000124,2026-08-31,personal_loan,VIC,B,CURRENT,0,20225.04,0.03396,0.048096,1.4162544169611309,0.11593768259675719,0.62,Stage 1,performing,603.1009847808,0.02981952
AUS-002559,2026-08-31,auto_loan,VIC,C,CURRENT,0,11317.11,0.098344,0.13928,1.4162531522004391,0.13927999999999996,0.38,Stage 1,performing,598.973890704,0.0529264
AUS-002632,2026-08-31,auto_loan,QLD,C,CURRENT,0,10125.33,0.109883,0.155622,1.4162518314934978,0.38943394959062705,0.38,Stage 1,performing,598.7751599988001,0.059136360000000006
AUS-001877,2026-08-31,personal_loan,VIC,C,CURRENT,0,7392.54,0.092194,0.13057,1.4162526845564787,0.29516647313959277,0.62,Stage 1,performing,598.451247636,0.0809534
AUS-001810,2026-08-31,personal_loan,VIC,C,CURRENT,0,8338.42,0.081541,0.115482,1.416244588611864,0.27908432702054853,0.62,Stage 1,performing,597.0211994328,0.07159884
AUS-001029,2026-08-31,auto_loan,NSW,B,CURRENT,0,26083.74,0.042207,0.059776,1.4162579666879902,0.1159788298240001,0.38,Stage 1,performing,592.4890240512,0.022714879999999996
AUS-001641,2026-08-31,auto_loan,VIC,D,CURRENT,0,6719.25,0.162466,0.230092,1.4162470916991863,0.24668710486843148,0.38,Stage 1,performing,587.49735498,0.08743495999999999
AUS-002610,2026-08-31,personal_loan,NSW,B,CURRENT,0,10881.19,0.061411,0.086973,1.416244646724528,0.13417045883827527,0.62,Stage 1,performing,586.7492374794,0.053923259999999994
AUS-000542,2026-08-31,auto_loan,SA,D,CURRENT,0,4779.13,0.227212,0.321789,1.41625002200588,0.404127825175688,0.38,Stage 1,performing,584.3911561566,0.12227982
AUS-001771,2026-08-31,auto_loan,VIC,D,CURRENT,0,7144.81,0.150855,0.213648,1.4162473898776973,0.3026906419778621,0.38,Stage 1,performing,580.0602594144001,0.08118624
AUS-002674,2026-08-31,auto_loan,VIC,B,CURRENT,0,32754.32,0.032905,0.046602,1.416258927214709,0.13339196851391932,0.38,Stage 1,performing,580.0383918432,0.01770876
AUS-002659,2026-08-31,personal_loan,NSW,C,CURRENT,0,9108.99,0.072168,0.102208,1.4162509699589845,0.18669492032998813,0.62,Stage 1,performing,577.2272229504,0.06336896
AUS-001159,2026-08-31,personal_loan,VIC,C,CURRENT,0,5442.93,0.120419,0.170543,1.416246605602106,0.2790763313432786,0.62,Stage 1,performing,575.5172388138,0.10573665999999998
AUS-002132,2026-08-31,auto_loan,NSW,C,CURRENT,0,14419.75,0.073688,0.104361,1.4162550211703397,0.22676709910231452,0.38,Stage 1,performing,571.846621305,0.03965718
AUS-000393,2026-08-31,auto_loan,QLD,A,CURRENT,0,44754.87,0.023643,0.033484,1.4162331345429937,0.0919865066997878,0.38,Stage 1,performing,569.4573854904,0.01272392
AUS-001442,2026-08-31,personal_loan,WA,A,CURRENT,0,26498.74,0.024452,0.03463,1.4162440700147227,0.09768762792647101,0.62,Stage 1,performing,568.943847044,0.0214706
AUS-001165,2026-08-31,personal_loan,VIC,C,CURRENT,0,6346.8,0.100226,0.141945,1.4162492766348054,0.3519236229707242,0.62,Stage 1,performing,558.55584612,0.08800589999999998
AUS-001637,2026-08-31,personal_loan,QLD,C,CURRENT,0,8040.8,0.078936,0.111793,1.4162486064659976,0.17928887730505672,0.62,Stage 1,performing,557.321195728,0.06931166
AUS-001205,2026-08-31,personal_loan,QLD,C,CURRENT,0,7452.05,0.085065,0.120473,1.4162463998119084,0.30491273399919483,0.62,Stage 1,performing,556.6179081829999,0.07469325999999998
AUS-001614,2026-08-31,personal_loan,TAS,B,CURRENT,0,9797.08,0.064288,0.091048,1.4162518666002988,0.1470931888345015,0.62,Stage 1,performing,553.0428147008,0.05644976
AUS-001220,2026-08-31,personal_loan,VIC,B,CURRENT,0,10223.49,0.061445,0.087021,1.4162421677923347,0.16646934555900006,0.62,Stage 1,performing,551.5881604397999,0.05395302
AUS-001887,2026-08-31,personal_loan,SA,C,CURRENT,0,5452.12,0.114521,0.16219,1.4162468018965955,0.35751373270030307,0.62,Stage 1,performing,548.253192536,0.1005578
AUS-000449,2026-08-31,personal_loan,NSW,B,CURRENT,0,9135.18,0.067694,0.095872,1.4162555027033414,0.22272482383446934,0.62,Stage 1,performing,543.0009457152,0.05944064
AUS-002304,2026-08-31,auto_loan,NSW,D,CURRENT,0,6013.28,0.167347,0.237005,1.4162488721040711,0.30279216974642387,0.38,Stage 1,performing,541.567422032,0.0900619
AUS-000205,2026-08-31,personal_loan,WA,C,CURRENT,0,6413.13,0.095968,0.135915,1.4162533344448152,0.3059493500270807,0.62,Stage 1,performing,540.4171496490001,0.0842673
AUS-000090,2026-08-31,auto_loan,SA,C,CURRENT,0,12549.84,0.079406,0.112459,1.4162531798604638,0.23541820161572324,0.38,Stage 1,performing,536.3101334928,0.04273442
AUS-001381,2026-08-31,personal_loan,QLD,B,CURRENT,0,10876.71,0.056024,0.079344,1.4162501784949308,0.16399089574838654,0.62,Stage 1,performing,535.0610405087999,0.04919328
AUS-002192,2026-08-31,auto_loan,NSW,B,CURRENT,0,23716.5,0.0418,0.059199,1.4162440191387562,0.14584653550643556,0.38,Stage 1,performing,533.51737173,0.02249562
AUS-001856,2026-08-31,credit_card,SA,C,CURRENT,0,4790.11,0.12589,0.178292,1.4162522837397729,0.3357552100448894,0.62,Stage 1,performing,529.5037411144,0.11054104000000001
AUS-002411,2026-08-31,auto_loan,VIC,C,CURRENT,0,11581.27,0.084849,0.120167,1.4162453299390683,0.28159837675570054,0.38,Stage 1,performing,528.8408593941999,0.04566345999999999
AUS-001145,2026-08-31,personal_loan,NSW,C,CURRENT,0,6778.06,0.088722,0.125653,1.4162552692680508,0.12565300000000001,0.62,Stage 1,performing,528.0438153716,0.07790485999999999
AUS-001673,2026-08-31,auto_loan,NSW,B,CURRENT,0,17528.74,0.05535,0.078389,1.4162420957542907,0.17903718448726014,0.38,Stage 1,performing,522.1429519468,0.02978782
AUS-000082,2026-08-31,personal_loan,NSW,B,CURRENT,0,11460.53,0.050272,0.071198,1.4162555697008274,0.1266417505130819,0.62,Stage 1,performing,505.8994252628,0.044142759999999996
AUS-001644,2026-08-31,personal_loan,QLD,C,CURRENT,0,7083.81,0.081228,0.115039,1.416248091791008,0.12400597715353312,0.62,Stage 1,performing,505.24693952580003,0.07132418
AUS-001707,2026-08-31,personal_loan,NSW,B,CURRENT,0,12056.14,0.047261,0.066933,1.4162417215039886,0.10904716004286719,0.62,Stage 1,performing,500.3112435444,0.04149846
AUS-002248,2026-08-31,auto_loan,QLD,C,CURRENT,0,6251.75,0.146245,0.207119,1.4162467092892064,0.20711900000000005,0.38,Stage 1,performing,492.045359135,0.07870522
AUS-000250,2026-08-31,personal_loan,TAS,B,CURRENT,0,8857.33,0.063052,0.089297,1.4162437353295694,0.13090920357076674,0.62,Stage 1,performing,490.3784581462,0.05536414
AUS-001294,2026-08-31,personal_loan,NSW,C,CURRENT,0,6584.25,0.084613,0.119833,1.4162480942644748,0.1742518252931966,0.62,Stage 1,performing,489.18646675499997,0.07429646
AUS-001662,2026-08-31,auto_loan,ACT,D,CURRENT,0,5560.97,0.163142,0.23105,1.41625087347219,0.24770251538978139,0.38,Stage 1,performing,488.24760503000005,0.087799
AUS-000836,2026-08-31,auto_loan,QLD,B,CURRENT,0,18460.51,0.049037,0.069449,1.4162571119766707,0.11835182007713174,0.38,Stage 1,performing,487.18430441619995,0.02639062
AUS-001633,2026-08-31,auto_loan,ACT,C,CURRENT,0,6771.25,0.133045,0.188425,1.4162501409297608,0.3060548325248572,0.38,Stage 1,performing,484.83165687499996,0.0716015
AUS-002661,2026-08-31,credit_card,QLD,D,CURRENT,0,2866.35,0.187868,0.266068,1.4162497072412545,0.550277919434371,0.62,Stage 1,performing,472.8392873160001,0.16496216000000002
AUS-001088,2026-08-31,auto_loan,QLD,C,CURRENT,0,10870.67,0.080411,0.113882,1.4162490206563778,0.20684362236675957,0.38,Stage 1,performing,470.4299835572,0.04327516
AUS-000729,2026-08-31,auto_loan,WA,B,CURRENT,0,23864.47,0.036145,0.05119,1.4162401438649883,0.08785539607299409,0.38,Stage 1,performing,464.216443334,0.0194522
AUS-000367,2026-08-31,auto_loan,VIC,C,CURRENT,0,9143.29,0.093854,0.132921,1.4162529034457776,0.25705689166186196,0.38,Stage 1,performing,461.8273950342001,0.05050998
AUS-000990,2026-08-31,auto_loan,QLD,C,CURRENT,0,6552.65,0.130654,0.185039,1.4162520856613652,0.2387702232800153,0.38,Stage 1,performing,460.748405273,0.07031482
AUS-001727,2026-08-31,personal_loan,NSW,B,CURRENT,0,7739.38,0.066649,0.094392,1.416255307656529,0.21306486088809107,0.62,Stage 1,performing,452.9320453152,0.05852304
AUS-000094,2026-08-31,personal_loan,QLD,C,CURRENT,0,5624.37,0.091658,0.129811,1.4162539003687622,0.1976050573369511,0.62,Stage 1,performing,452.6651583234001,0.08048282000000001
AUS-000394,2026-08-31,auto_loan,VIC,B,CURRENT,0,12602.52,0.066665,0.094414,1.4162454061351533,0.21311105968303123,0.38,Stage 1,performing,452.14464284639996,0.03587732
AUS-000672,2026-08-31,auto_loan,WA,C,CURRENT,0,8520.49,0.097859,0.138593,1.4162519543424723,0.13859299999999997,0.38,Stage 1,performing,448.73450281659996,0.05266534
AUS-001938,2026-08-31,auto_loan,NSW,C,CURRENT,0,5882.43,0.140258,0.19864,1.4162472015856495,0.19864000000000004,0.38,Stage 1,performing,444.02464017600005,0.0754832
AUS-001548,2026-08-31,auto_loan,VIC,C,CURRENT,0,9508.14,0.086414,0.122384,1.4162519962043187,0.1505639950442409,0.38,Stage 1,performing,442.1847981888,0.046505920000000006
AUS-002518,2026-08-31,personal_loan,NT,C,CURRENT,0,5872.32,0.085246,0.12073,1.4162541350913826,0.12073,0.62,Stage 1,performing,439.558420032,0.0748526
AUS-002293,2026-08-31,auto_loan,VIC,C,CURRENT,0,8837.66,0.092244,0.130641,1.41625471575387,0.23534585668408436,0.38,Stage 1,performing,438.7330812228,0.04964358000000001
AUS-001089,2026-08-31,auto_loan,VIC,B,CURRENT,0,23184.45,0.035118,0.049736,1.4162537729939062,0.12719330055366784,0.38,Stage 1,performing,438.17868597600005,0.018899680000000002
AUS-000854,2026-08-31,credit_card,VIC,D,CURRENT,0,2258.05,0.219115,0.310322,1.4162517399539054,0.6719506980075063,0.62,Stage 1,performing,434.448007102,0.19239963999999998
AUS-002823,2026-08-31,personal_loan,VIC,B,CURRENT,0,7800.35,0.061696,0.087377,1.4162506483402488,0.2398938803012517,0.62,Stage 1,performing,422.574132809,0.05417374
AUS-002220,2026-08-31,personal_loan,VIC,C,CURRENT,0,5132.42,0.092613,0.131163,1.416248258883742,0.29636769836304044,0.62,Stage 1,performing,417.3738347652,0.08132106
AUS-002772,2026-08-31,auto_loan,VIC,B,CURRENT,0,13123.89,0.058966,0.083511,1.4162568259675068,0.23019315162656184,0.38,Stage 1,performing,416.47588756019996,0.03173418
AUS-000909,2026-08-31,personal_loan,QLD,C,CURRENT,0,6520.42,0.072479,0.102648,1.4162447053629328,0.2575831903758691,0.62,Stage 1,performing,414.97100473920005,0.06364176
AUS-000439,2026-08-31,auto_loan,QLD,A,CURRENT,0,30334.29,0.025371,0.035932,1.4162626620945173,0.07057289137599998,0.38,Stage 1,performing,414.1892491464,0.01365416
AUS-000915,2026-08-31,credit_card,NSW,C,CURRENT,0,4082.5,0.112907,0.159905,1.4162540852205798,0.1957140170611924,0.62,Stage 1,performing,404.74354074999997,0.0991411
AUS-002966,2026-08-31,auto_loan,NSW,B,CURRENT,0,13108.17,0.057314,0.081171,1.4162508287678404,0.19074249677489918,0.38,Stage 1,performing,404.32124148659994,0.030844979999999994
AUS-001575,2026-08-31,personal_loan,NSW,B,CURRENT,0,9819.81,0.046723,0.066171,1.4162403955225475,0.12796339875899998,0.62,Stage 1,performing,402.86772145619994,0.041026019999999996
AUS-001802,2026-08-31,auto_loan,NSW,A,CURRENT,0,27576.93,0.027104,0.038386,1.4162485242030698,0.1049742373254865,0.38,Stage 1,performing,402.25585329240005,0.014586680000000001
AUS-002775,2026-08-31,auto_loan,SA,C,CURRENT,0,6836.74,0.109052,0.154445,1.4162509628434141,0.15444499999999994,0.38,Stage 1,performing,401.242117534,0.0586891
AUS-001045,2026-08-31,personal_loan,QLD,C,CURRENT,0,4652.66,0.097976,0.138759,1.4162550012247899,0.258263939919,0.62,Stage 1,performing,400.27103834279995,0.08603058
AUS-002256,2026-08-31,auto_loan,NSW,B,CURRENT,0,21207.22,0.035026,0.049606,1.41626220521898,0.14155780251623717,0.38,Stage 1,performing,399.7620350216,0.01885028
AUS-002493,2026-08-31,personal_loan,VIC,B,CURRENT,0,8264.91,0.05505,0.077965,1.4162579473206176,0.17254582875600777,0.62,Stage 1,performing,399.511699053,0.0483383
AUS-002805,2026-08-31,personal_loan,VIC,C,CURRENT,0,6387.52,0.071096,0.10069,1.4162540789917857,0.10068999999999995,0.62,Stage 1,performing,398.75882105600004,0.062427800000000006
AUS-000831,2026-08-31,auto_loan,NSW,B,CURRENT,0,23912.04,0.030933,0.043809,1.4162544855009214,0.10928175124779882,0.38,Stage 1,performing,398.0737729368,0.01664742
AUS-000751,2026-08-31,personal_loan,NSW,D,CURRENT,0,2196.43,0.204206,0.289207,1.416251236496479,0.289207,0.62,Stage 1,performing,393.83821722619996,0.17930833999999998
AUS-001801,2026-08-31,auto_loan,VIC,B,CURRENT,0,11412.37,0.06397,0.090598,1.416257620759731,0.24791363535492705,0.38,Stage 1,performing,392.89640095880003,0.03442724
AUS-000501,2026-08-31,auto_loan,QLD,A,CURRENT,0,27065.31,0.026563,0.03762,1.4162556940104658,0.10008162460208292,0.38,Stage 1,performing,386.91484563600005,0.014295600000000002
AUS-002726,2026-08-31,auto_loan,VIC,B,CURRENT,0,10802.48,0.066431,0.094083,1.4162514488717617,0.14482174691965521,0.38,Stage 1,performing,386.2052958192,0.03575154
AUS-000957,2026-08-31,auto_loan,VIC,B,CURRENT,0,19611.01,0.036483,0.051669,1.4162486637612037,0.11643220620301742,0.38,Stage 1,performing,385.04688476219997,0.01963422
AUS-002093,2026-08-31,auto_loan,VIC,B,CURRENT,0,19051.29,0.03726,0.052769,1.416237251744498,0.13850307312974908,0.38,Stage 1,performing,382.02065836380007,0.020052220000000003
AUS-002723,2026-08-31,personal_loan,SA,C,CURRENT,0,4734.23,0.091572,0.129689,1.416251692657144,0.15939282840928803,0.62,Stage 1,performing,380.66608377139994,0.08040718
AUS-002005,2026-08-31,personal_loan,NSW,C,CURRENT,0,6014.7,0.072019,0.101997,1.4162512670267569,0.26932057167199164,0.62,Stage 1,performing,380.35844065799995,0.06323814
AUS-001262,2026-08-31,personal_loan,VIC,C,CURRENT,0,3532.23,0.122247,0.173132,1.4162474334748503,0.31628931057600007,0.62,Stage 1,performing,379.1560675032,0.10734184000000001
AUS-001164,2026-08-31,personal_loan,VIC,C,CURRENT,0,5598.17,0.077004,0.109057,1.4162511038387615,0.10905699999999996,0.62,Stage 1,performing,378.52216792779996,0.06761534
AUS-002052,2026-08-31,personal_loan,TAS,C,CURRENT,0,3879.02,0.110926,0.157099,1.4162504732884986,0.28951790419900003,0.62,Stage 1,performing,377.82190104759997,0.09740138
AUS-001804,2026-08-31,auto_loan,NSW,B,CURRENT,0,21304.18,0.032758,0.046394,1.4162647292264483,0.11548910794144773,0.38,Stage 1,performing,375.58672822959994,0.017629719999999998
AUS-002350,2026-08-31,personal_loan,VIC,C,CURRENT,0,3737.7,0.114402,0.162022,1.4162514641352424,0.1863492050015425,0.62,Stage 1,performing,375.465570228,0.10045364
AUS-001538,2026-08-31,auto_loan,TAS,C,CURRENT,0,9134.25,0.0762,0.107918,1.416246719160105,0.16540797701655852,0.38,Stage 1,performing,374.58499677,0.04100884
AUS-001013,2026-08-31,auto_loan,NT,B,CURRENT,0,16730.71,0.041242,0.058409,1.4162504243247176,0.09089236247326771,0.38,Stage 1,performing,371.34513534819996,0.02219542
AUS-002018,2026-08-31,personal_loan,QLD,B,CURRENT,0,12300.17,0.034276,0.048543,1.4162387676508343,0.131501040227325,0.62,Stage 1,performing,370.1940344322,0.03009666
AUS-002509,2026-08-31,auto_loan,NSW,A,CURRENT,0,25064.75,0.027394,0.038797,1.416259034825144,0.10310506093546379,0.38,Stage 1,performing,369.526100185,0.01474286
AUS-000660,2026-08-31,personal_loan,VIC,C,CURRENT,0,5469.61,0.076868,0.108864,1.4162460321590258,0.16680884941522123,0.62,Stage 1,performing,369.1750462848,0.06749568
AUS-001629,2026-08-31,personal_loan,VIC,B,CURRENT,0,9787.66,0.042925,0.060793,1.416260920209668,0.12248863161449575,0.62,Stage 1,performing,368.9131529156,0.03769166
AUS-001046,2026-08-31,personal_loan,QLD,B,CURRENT,0,6479.85,0.064541,0.091406,1.416247036767326,0.20677966473893172,0.62,Stage 1,performing,367.224244842,0.05667172
AUS-000947,2026-08-31,auto_loan,NSW,C,CURRENT,0,6910.37,0.098529,0.139542,1.4162530828487043,0.17127184076389912,0.38,Stage 1,performing,366.4290032052,0.05302596
AUS-001853,2026-08-31,auto_loan,QLD,C,CURRENT,0,5335.71,0.127401,0.180432,1.4162526196811644,0.18043200000000004,0.38,Stage 1,performing,365.8384741536,0.06856416
AUS-000286,2026-08-31,personal_loan,VIC,D,CURRENT,0,2545.02,0.162431,0.230043,1.416250592559302,0.230043,0.62,Stage 1,performing,362.98770223319997,0.14262666
AUS-001970,2026-08-31,auto_loan,NSW,B,CURRENT,0,16356.56,0.041177,0.058317,1.416251791048401,0.1132331275109999,0.38,Stage 1,performing,362.4688936176,0.02216046
AUS-002709,2026-08-31,personal_loan,VIC,B,CURRENT,0,12446.97,0.033083,0.046854,1.416256083184717,0.04685399999999995,0.62,Stage 1,performing,361.57800607559994,0.029049479999999996
AUS-002507,2026-08-31,credit_card,QLD,C,CURRENT,0,3294.19,0.123997,0.175611,1.4162520060969217,0.3627520613873575,0.62,Stage 1,performing,358.66752005579997,0.10887881999999999
AUS-001230,2026-08-31,personal_loan,VIC,B,CURRENT,0,7046.79,0.057934,0.082049,1.416249525321918,0.2041119240923026,0.62,Stage 1,performing,358.4728850802,0.05087038
AUS-001354,2026-08-31,personal_loan,VIC,C,CURRENT,0,4742.03,0.085395,0.120941,1.4162538790327304,0.12094099999999997,0.62,Stage 1,performing,355.5736271426,0.07498342000000001
AUS-000553,2026-08-31,personal_loan,VIC,C,CURRENT,0,4510.67,0.089487,0.126736,1.4162504050867724,0.12673599999999996,0.62,Stage 1,performing,354.43184933439994,0.07857631999999999
AUS-000018,2026-08-31,personal_loan,QLD,B,CURRENT,0,6214.69,0.064825,0.091808,1.4162437331276516,0.1062680495582694,0.62,Stage 1,performing,353.7461209024,0.05692096
AUS-002936,2026-08-31,auto_loan,QLD,C,CURRENT,0,6767.68,0.096194,0.136235,1.4162525729255462,0.16728861412644647,0.38,Stage 1,performing,350.358056224,0.0517693
AUS-000329,2026-08-31,auto_loan,TAS,B,CURRENT,0,14691.98,0.044231,0.062642,1.4162465239311797,0.13545549829635806,0.38,Stage 1,performing,349.72730424080004,0.023803960000000002
AUS-002345,2026-08-31,auto_loan,NSW,B,CURRENT,0,10457.67,0.061864,0.087615,1.4162517780938833,0.18017851409561558,0.38,Stage 1,performing,348.17452767900005,0.0332937
AUS-001341,2026-08-31,personal_loan,WA,A,CURRENT,0,14824.73,0.026609,0.037685,1.4162501409297608,0.10599078596615463,0.62,Stage 1,performing,346.37536903100005,0.023364700000000006
AUS-001576,2026-08-31,personal_loan,SA,A,CURRENT,0,13715.71,0.028426,0.040258,1.4162386547526913,0.07573581116981676,0.62,Stage 1,performing,342.3435729716,0.02495996
AUS-002182,2026-08-31,credit_card,WA,B,CURRENT,0,5571.44,0.069745,0.098776,1.416244892106961,0.2552232318647518,0.62,Stage 1,performing,341.2012256128,0.06124112
AUS-002009,2026-08-31,personal_loan,VIC,A,CURRENT,0,15535.7,0.024985,0.035385,1.41624974984991,0.058276622166242076,0.62,Stage 1,performing,340.83306159,0.0219387
AUS-002501,2026-08-31,personal_loan,VIC,B,CURRENT,0,10572.87,0.036678,0.051945,1.4162440700147225,0.10517825951968784,0.62,Stage 1,performing,340.508793933,0.032205899999999996
AUS-001502,2026-08-31,credit_card,VIC,C,CURRENT,0,5195.07,0.074392,0.105358,1.416254435960856,0.2287740044774561,0.62,Stage 1,performing,339.35215473719995,0.06532196
AUS-001307,2026-08-31,auto_loan,QLD,B,CURRENT,0,10028.29,0.062623,0.08869,1.4162528144611406,0.14340232127570307,0.38,Stage 1,performing,337.97543523800005,0.0337022
AUS-001408,2026-08-31,personal_loan,NSW,B,CURRENT,0,10444.16,0.036818,0.052143,1.416236623390733,0.1213920016533202,0.62,Stage 1,performing,337.6456976256,0.03232866
AUS-000996,2026-08-31,personal_loan,QLD,B,CURRENT,0,5853.48,0.065013,0.092075,1.4162552104963624,0.15552371944279908,0.62,Stage 1,performing,334.15468602,0.0570865
AUS-002785,2026-08-31,personal_loan,QLD,B,CURRENT,0,12064.27,0.031261,0.044273,1.4162374844054895,0.06918807708151653,0.62,Stage 1,performing,331.15528394020004,0.027449260000000003
AUS-000010,2026-08-31,auto_loan,QLD,B,CURRENT,0,18194.5,0.033667,0.047681,1.4162533044227283,0.11856966359615884,0.38,Stage 1,performing,329.66214271,0.01811878
AUS-000243,2026-08-31,personal_loan,QLD,B,CURRENT,0,7652.66,0.048771,0.069072,1.4162514609091466,0.13337305881600003,0.62,Stage 1,performing,327.7224095424,0.04282464
AUS-002017,2026-08-31,personal_loan,VIC,B,CURRENT,0,8044.56,0.046358,0.065655,1.416260408128047,0.17503171419554509,0.62,Stage 1,performing,327.46266381600003,0.0407061
AUS-002168,2026-08-31,personal_loan,VIC,C,CURRENT,0,4355.01,0.085372,0.120908,1.416248887222977,0.12090800000000002,0.62,Stage 1,performing,326.4644404296,0.07496296
AUS-002429,2026-08-31,auto_loan,VIC,C,CURRENT,0,5891.71,0.102671,0.145408,1.4162519114452963,0.17832792262190078,0.38,Stage 1,performing,325.54667171840003,0.055255040000000005
AUS-002476,2026-08-31,personal_loan,QLD,B,CURRENT,0,10051.22,0.036397,0.051547,1.4162430969585407,0.10439547257247961,0.62,Stage 1,performing,321.2283471508,0.031959140000000004
AUS-002322,2026-08-31,personal_loan,WA,B,CURRENT,0,6175.9,0.058481,0.082824,1.4162548520032148,0.1527056567088516,0.62,Stage 1,performing,317.1378997919999,0.051350879999999995
AUS-000002,2026-08-31,personal_loan,NSW,B,CURRENT,0,10235.22,0.035227,0.04989,1.4162432225281743,0.07783495150210917,0.62,Stage 1,performing,316.593777996,0.0309318
AUS-000717,2026-08-31,auto_loan,NSW,C,CURRENT,0,7522.66,0.077851,0.110256,1.4162438504322359,0.26050582221843877,0.38,Stage 1,performing,315.1789923648,0.04189728
AUS-000834,2026-08-31,auto_loan,QLD,B,CURRENT,0,16322.8,0.035578,0.050387,1.416240373264377,0.07462028102854479,0.38,Stage 1,performing,312.533630968,0.01914706
AUS-000754,2026-08-31,auto_loan,ACT,B,CURRENT,0,14158.17,0.040911,0.05794,1.4162450196768595,0.1080977744178433,0.38,Stage 1,performing,311.723260524,0.0220172
AUS-001896,2026-08-31,personal_loan,SA,B,CURRENT,0,6725.28,0.052321,0.0741,1.4162573345310678,0.07410000000000005,0.62,Stage 1,performing,308.97281375999995,0.045942
AUS-000445,2026-08-31,personal_loan,WA,C,CURRENT,0,3544.85,0.098814,0.139945,1.416246685692311,0.13994499999999999,0.62,Stage 1,performing,307.572100615,0.0867659
AUS-000988,2026-08-31,personal_loan,NSW,A,CURRENT,0,13198.63,0.026197,0.037102,1.416269038439516,0.06402230755330374,0.62,Stage 1,performing,303.6112535612,0.02300324
AUS-002637,2026-08-31,auto_loan,WA,C,CURRENT,0,7181.89,0.078528,0.111215,1.416246434392828,0.15382144447572166,0.38,Stage 1,performing,303.518880613,0.0422617
AUS-001512,2026-08-31,personal_loan,VIC,C,CURRENT,0,3332.25,0.103669,0.146821,1.4162478658036637,0.2623897076435635,0.62,Stage 1,performing,303.331451895,0.09102902
AUS-001523,2026-08-31,credit_card,VIC,B,CURRENT,0,5859.08,0.058648,0.08306,1.41624607829764,0.15922103640000007,0.62,Stage 1,performing,301.726214576,0.05149720000000001
AUS-002506,2026-08-31,personal_loan,NSW,B,CURRENT,0,6768.72,0.050742,0.071863,1.4162429545544124,0.0946508154122988,0.62,Stage 1,performing,301.58072572320003,0.04455506
AUS-000072,2026-08-31,personal_loan,QLD,B,CURRENT,0,6744.51,0.050867,0.07204,1.416242357520593,0.07203999999999999,0.62,Stage 1,performing,301.24219024800004,0.044664800000000004
AUS-002424,2026-08-31,personal_loan,NSW,B,CURRENT,0,6911.01,0.049621,0.070276,1.416255214526108,0.11972255639954554,0.62,Stage 1,performing,301.12044603120006,0.043571120000000005
AUS-001030,2026-08-31,personal_loan,NT,B,CURRENT,0,9054.41,0.037799,0.053533,1.4162543982645044,0.12047920697366621,0.62,Stage 1,performing,300.52003292859996,0.03319046
AUS-001196,2026-08-31,personal_loan,QLD,B,CURRENT,0,9224.06,0.036664,0.051925,1.4162393628627536,0.07275645746254922,0.62,Stage 1,performing,296.95477560999996,0.0321935
AUS-000546,2026-08-31,personal_loan,QLD,A,CURRENT,0,21696.01,0.015574,0.022057,1.4162707075895724,0.03469821601957501,0.62,Stage 1,performing,296.70031339339994,0.013675339999999998
AUS-001634,2026-08-31,auto_loan,WA,C,CURRENT,0,7728.03,0.071173,0.100799,1.4162533545024096,0.1769919202058644,0.38,Stage 1,performing,296.01152446860004,0.038303620000000003
AUS-001329,2026-08-31,personal_loan,QLD,C,CURRENT,0,4396.02,0.076388,0.108185,1.4162564800754045,0.10818499999999998,0.62,Stage 1,performing,294.86172269400004,0.0670747
AUS-000816,2026-08-31,credit_card,QLD,D,CURRENT,0,1649.01,0.202903,0.287361,1.4162481579868211,0.6060951199030573,0.62,Stage 1,performing,293.7939208182,0.17816382
AUS-000314,2026-08-31,personal_loan,ACT,C,CURRENT,0,3089.65,0.107966,0.152907,1.416251412481707,0.16454059822122757,0.62,Stage 1,performing,292.906049781,0.09480233999999998
AUS-000309,2026-08-31,personal_loan,VIC,B,CURRENT,0,8529.41,0.039092,0.055364,1.4162488488693337,0.12027869846505612,0.62,Stage 1,performing,292.77779824879997,0.03432568
AUS-000033,2026-08-31,personal_loan,WA,B,CURRENT,0,7455.42,0.044487,0.063005,1.416256434464001,0.06300499999999998,0.62,Stage 1,performing,291.231817002,0.0390631
AUS-000522,2026-08-31,personal_loan,WA,B,CURRENT,0,10822.53,0.03061,0.043351,1.416236524011761,0.06776590049725173,0.62,Stage 1,performing,290.88384877860005,0.026877620000000005
AUS-002710,2026-08-31,auto_loan,NSW,B,CURRENT,0,9911.75,0.054262,0.076849,1.4162581548781836,0.1363587747503,0.38,Stage 1,performing,289.449068785,0.029202620000000002
AUS-000303,2026-08-31,auto_loan,QLD,B,CURRENT,0,14642.68,0.036701,0.051978,1.416255687855917,0.1441709064841845,0.38,Stage 1,performing,289.21694399520004,0.01975164
AUS-001331,2026-08-31,auto_loan,NSW,B,CURRENT,0,12857.64,0.041659,0.059,1.4162605919489184,0.15399785451181247,0.38,Stage 1,performing,288.2682888,0.02242
AUS-002138,2026-08-31,auto_loan,NT,A,CURRENT,0,29786.58,0.01795,0.025422,1.4162674094707521,0.07235510256901412,0.38,Stage 1,performing,287.7490859688,0.00966036
AUS-001573,2026-08-31,auto_loan,QLD,C,CURRENT,0,3934.32,0.135534,0.19195,1.4162497970988832,0.19195000000000007,0.38,Stage 1,performing,286.97323512,0.072941
AUS-002900,2026-08-31,personal_loan,WA,B,CURRENT,0,7720.36,0.042116,0.059647,1.4162551049482381,0.0927841806793821,0.62,Stage 1,performing,285.5077140104,0.036981139999999996
AUS-002806,2026-08-31,personal_loan,QLD,B,CURRENT,0,6016.59,0.054032,0.076523,1.4162533313591945,0.07652300000000001,0.62,Stage 1,performing,285.4526602734,0.04744426
AUS-000491,2026-08-31,auto_loan,NSW,B,CURRENT,0,7643.28,0.069349,0.098216,1.4162569034881543,0.09821599999999997,0.38,Stage 1,performing,285.2631076224,0.03732208
AUS-002590,2026-08-31,personal_loan,VIC,B,CURRENT,0,7587.74,0.042622,0.060363,1.4162404392097978,0.10787262151813604,0.62,Stage 1,performing,283.9716247644,0.03742506
AUS-001461,2026-08-31,auto_loan,SA,B,CURRENT,0,10900.17,0.04837,0.068504,1.4162497415753565,0.11678438220437082,0.38,Stage 1,performing,283.7479933584,0.02603152
AUS-001462,2026-08-31,auto_loan,NSW,B,CURRENT,0,8137.17,0.063896,0.090493,1.4162545386252663,0.17279701695100014,0.38,Stage 1,performing,279.81563142780004,0.03438734
AUS-002780,2026-08-31,personal_loan,VIC,A,CURRENT,0,12618.98,0.02511,0.035562,1.4162485065710873,0.047132710898404095,0.62,Stage 1,performing,278.2288233912,0.022048440000000002
AUS-001397,2026-08-31,auto_loan,QLD,B,CURRENT,0,14901.68,0.034494,0.048852,1.4162463037049924,0.06459978500788466,0.38,Stage 1,performing,276.6312111168,0.01856376
AUS-002787,2026-08-31,auto_loan,TAS,B,CURRENT,0,11074.87,0.046228,0.06547,1.4162412390758847,0.12665367910000003,0.38,Stage 1,performing,275.52726078200004,0.0248786
AUS-002393,2026-08-31,personal_loan,QLD,B,CURRENT,0,9471.28,0.032977,0.046704,1.4162598174485248,0.08759730250901288,0.62,Stage 1,performing,274.2549298944,0.028956479999999996
AUS-002914,2026-08-31,auto_loan,WA,B,CURRENT,0,12229.39,0.041391,0.05862,1.4162499094005945,0.10933130658656831,0.38,Stage 1,performing,272.416999884,0.022275600000000003
AUS-002002,2026-08-31,personal_loan,VIC,B,CURRENT,0,5884.42,0.05266,0.07458,1.4162552221800226,0.1491114706329889,0.62,Stage 1,performing,272.093227032,0.0462396
AUS-002692,2026-08-31,personal_loan,NSW,B,CURRENT,0,7153.86,0.043163,0.06113,1.4162592961564302,0.09027905629522692,0.62,Stage 1,performing,271.135586316,0.0379006
AUS-000789,2026-08-31,auto_loan,NSW,B,CURRENT,0,14621.46,0.034408,0.04873,1.4162404092071612,0.07989017564700118,0.38,Stage 1,performing,270.751423404,0.0185174
AUS-002021,2026-08-31,auto_loan,TAS,B,CURRENT,0,13960.38,0.035801,0.050703,1.4162453562749644,0.09098608351581827,0.38,Stage 1,performing,268.97659591319996,0.01926714
AUS-002421,2026-08-31,personal_loan,VIC,B,CURRENT,0,6360.97,0.047837,0.067749,1.4162468382214606,0.08929621019769118,0.62,Stage 1,performing,267.1886010486,0.042004379999999994
AUS-001058,2026-08-31,personal_loan,VIC,C,CURRENT,0,3942.95,0.077165,0.109285,1.4162508909479685,0.10928499999999997,0.62,Stage 1,performing,267.16128026499996,0.06775669999999999
AUS-000382,2026-08-31,credit_card,VIC,C,CURRENT,0,3702.18,0.081957,0.116072,1.4162548653562232,0.26541470909146925,0.62,Stage 1,performing,266.4260509152,0.07196464
AUS-002598,2026-08-31,personal_loan,NSW,B,CURRENT,0,5481.49,0.055117,0.078059,1.416241812870802,0.1266830651789106,0.62,Stage 1,performing,265.2853693042,0.04839658
AUS-001063,2026-08-31,personal_loan,QLD,B,CURRENT,0,8559.22,0.035258,0.049934,1.4162459583640592,0.06601829694498196,0.62,Stage 1,performing,264.9855767176,0.030959080000000003
AUS-002542,2026-08-31,personal_loan,WA,C,CURRENT,0,3097.44,0.097397,0.137939,1.416255120794275,0.13793900000000003,0.62,Stage 1,performing,264.8998212192,0.08552218
AUS-000860,2026-08-31,auto_loan,SA,B,CURRENT,0,11704.43,0.04185,0.05927,1.4162485065710873,0.10596918331787697,0.38,Stage 1,performing,263.614195118,0.0225226
AUS-001033,2026-08-31,auto_loan,NSW,B,CURRENT,0,15850.63,0.030819,0.043647,1.4162367370777766,0.1088918546829094,0.38,Stage 1,performing,262.8963300918,0.01658586
AUS-002402,2026-08-31,auto_loan,QLD,C,CURRENT,0,5893.53,0.082864,0.117356,1.4162483104846497,0.11735600000000002,0.38,Stage 1,performing,262.8236205384,0.04459528
AUS-001038,2026-08-31,personal_loan,QLD,C,CURRENT,0,3744.24,0.079704,0.112881,1.4162526347485698,0.11288100000000001,0.62,Stage 1,performing,262.0452043728,0.06998622
AUS-002567,2026-08-31,personal_loan,VIC,B,CURRENT,0,7638.31,0.038932,0.055137,1.4162385698140347,0.14844692590577258,0.62,Stage 1,performing,261.1151690514,0.03418494
AUS-001361,2026-08-31,auto_loan,NSW,C,CURRENT,0,4506.3,0.106765,0.151206,1.4162506439376201,0.15120599999999995,0.38,Stage 1,performing,258.924247164,0.05745828
AUS-000395,2026-08-31,personal_loan,QLD,B,CURRENT,0,7119.76,0.041291,0.058478,1.416240827298927,0.12239445857440956,0.62,Stage 1,performing,258.1365816736,0.03625636
AUS-002939,2026-08-31,personal_loan,NSW,D,CURRENT,0,1856.24,0.157856,0.223564,1.4162527873504969,0.22356399999999998,0.62,Stage 1,performing,257.2928324032,0.13860968
AUS-000099,2026-08-31,personal_loan,NSW,A,CURRENT,0,17595.82,0.016614,0.02353,1.4162754303599374,0.03317000512275625,0.62,Stage 1,performing,256.69837965199997,0.014588599999999998
AUS-002109,2026-08-31,personal_loan,NSW,B,CURRENT,0,4632.08,0.062503,0.08852,1.4162520199030446,0.08852000000000004,0.62,Stage 1,performing,254.219667392,0.0548824
AUS-002245,2026-08-31,personal_loan,QLD,B,CURRENT,0,7448.4,0.038779,0.054921,1.4162562211506227,0.08555446074484663,0.62,Stage 1,performing,253.625617368,0.03405102
AUS-001625,2026-08-31,personal_loan,VIC,B,CURRENT,0,6042.7,0.04768,0.067527,1.4162541946308727,0.18920922889189218,0.62,Stage 1,performing,252.988149798,0.04186674
AUS-002879,2026-08-31,auto_loan,SA,A,CURRENT,0,29893.03,0.015646,0.022159,1.4162725297200562,0.058004891351925325,0.38,Stage 1,performing,251.71186767260002,0.008420420000000001
AUS-002190,2026-08-31,credit_card,WA,D,CURRENT,0,1824.24,0.157,0.222351,1.416248407643312,0.46671539730559297,0.62,Stage 1,performing,251.48538470879998,0.13785762
AUS-001031,2026-08-31,auto_loan,VIC,B,CURRENT,0,14712.34,0.031674,0.044858,1.4162404495800973,0.08069865695294687,0.38,Stage 1,performing,250.78713613360003,0.017046040000000002
AUS-001261,2026-08-31,personal_loan,QLD,B,CURRENT,0,8993.19,0.031721,0.044925,1.4162542164496705,0.11196486427383989,0.62,Stage 1,performing,250.491817665,0.0278535
AUS-002030,2026-08-31,auto_loan,NSW,A,CURRENT,0,25701.35,0.018094,0.025626,1.4162705869348955,0.04441361819793277,0.38,Stage 1,performing,250.27666213799995,0.009737879999999999
AUS-001776,2026-08-31,auto_loan,QLD,C,CURRENT,0,4756.29,0.097632,0.138271,1.416246722386103,0.13827100000000003,0.38,Stage 1,performing,249.9096503442,0.05254298
AUS-001967,2026-08-31,auto_loan,VIC,A,CURRENT,0,17048.21,0.027209,0.038535,1.4162593259583225,0.038534999999999986,0.38,Stage 1,performing,249.642053493,0.0146433
AUS-002863,2026-08-31,personal_loan,QLD,B,CURRENT,0,5980.46,0.047492,0.067261,1.4162595805609366,0.06726100000000002,0.62,Stage 1,performing,249.3960664372,0.04170182
AUS-000780,2026-08-31,credit_card,VIC,D,CURRENT,0,1859.3,0.152695,0.216254,1.416248076230394,0.4336618900173438,0.62,Stage 1,performing,249.290258564,0.13407748
AUS-002562,2026-08-31,auto_loan,VIC,B,CURRENT,0,11684.28,0.039228,0.055557,1.4162587947384522,0.13315912838691413,0.38,Stage 1,performing,246.67454670480004,0.02111166
AUS-002497,2026-08-31,auto_loan,NSW,C,CURRENT,0,5581.52,0.081822,0.11588,1.4162450196768595,0.11587999999999998,0.38,Stage 1,performing,245.77888428800003,0.0440344
AUS-002684,2026-08-31,auto_loan,NSW,B,CURRENT,0,14789.4,0.030795,0.043613,1.4162364020133138,0.11868996501173146,0.38,Stage 1,performing,245.10383883600002,0.01657294
AUS-002413,2026-08-31,personal_loan,NSW,B,CURRENT,0,5025.93,0.055539,0.078657,1.4162480419164913,0.12165097690720561,0.62,Stage 1,performing,245.1012371262,0.04876734
AUS-002061,2026-08-31,credit_card,WA,C,CURRENT,0,2077.39,0.133773,0.189456,1.416249915902312,0.467487525514531,0.62,Stage 1,performing,244.0158799008,0.11746272
AUS-001555,2026-08-31,personal_loan,NSW,B,CURRENT,0,5433.19,0.050931,0.072131,1.4162494355107893,0.07213099999999995,0.62,Stage 1,performing,242.97888529179997,0.04472122
AUS-001085,2026-08-31,credit_card,QLD,B,CURRENT,0,3967.68,0.069684,0.09869,1.4162505022673786,0.2550218466959163,0.62,Stage 1,performing,242.773610304,0.0611878
AUS-001551,2026-08-31,personal_loan,NSW,B,CURRENT,0,4259.9,0.064802,0.091776,1.4162525847967655,0.15503697573411868,0.62,Stage 1,performing,242.39308108799997,0.05690112
AUS-000879,2026-08-31,auto_loan,NSW,B,CURRENT,0,12655.33,0.035585,0.050397,1.4162427989321342,0.13255746400535573,0.38,Stage 1,performing,242.3604530838,0.01915086
AUS-002142,2026-08-31,personal_loan,QLD,B,CURRENT,0,7203.84,0.038174,0.054064,1.4162518991984074,0.11755235910513362,0.62,Stage 1,performing,241.47041157120003,0.03351968
AUS-001100,2026-08-31,personal_loan,QLD,B,CURRENT,0,8874.17,0.030986,0.043884,1.4162525011295424,0.10277661873621124,0.62,Stage 1,performing,241.4491272936,0.02720808
AUS-001736,2026-08-31,auto_loan,NSW,C,CURRENT,0,3351.0,0.133588,0.189194,1.4162499625714884,0.18919399999999997,0.38,Stage 1,performing,240.91585572000002,0.07189372000000001
AUS-002043,2026-08-31,auto_loan,WA,B,CURRENT,0,7623.42,0.058523,0.082883,1.4162466038993216,0.12171166312022541,0.38,Stage 1,performing,240.10372954680003,0.03149554
AUS-000346,2026-08-31,auto_loan,NSW,C,CURRENT,0,5120.7,0.086561,0.122592,1.4162498122711153,0.12259200000000003,0.38,Stage 1,performing,238.547604672,0.04658496
AUS-002964,2026-08-31,auto_loan,SA,B,CURRENT,0,9916.18,0.044698,0.063304,1.4162602353572866,0.06330400000000003,0.38,Stage 1,performing,238.5388663136,0.02405552
AUS-002159,2026-08-31,personal_loan,SA,B,CURRENT,0,5338.13,0.05087,0.072045,1.4162571260074701,0.1653135166240267,0.62,Stage 1,performing,238.44305702699998,0.044667899999999996
AUS-000950,2026-08-31,personal_loan,NSW,B,CURRENT,0,3913.16,0.06931,0.09816,1.4162458519694128,0.1581866218095166,0.62,Stage 1,performing,238.15178707199996,0.060859199999999995
AUS-001456,2026-08-31,personal_loan,WA,B,CURRENT,0,6397.35,0.042344,0.05997,1.416257320989987,0.125404886277242,0.62,Stage 1,performing,237.86242929000002,0.0371814
AUS-002681,2026-08-31,credit_card,QLD,C,CURRENT,0,3215.08,0.084117,0.119131,1.4162535516007466,0.20749119092463997,0.62,Stage 1,performing,237.4697311976,0.07386122
AUS-002166,2026-08-31,personal_loan,QLD,A,CURRENT,0,16093.92,0.016759,0.023735,1.416253953099827,0.05071476479381942,0.62,Stage 1,performing,236.833298544,0.0147157
AUS-002121,2026-08-31,personal_loan,VIC,B,CURRENT,0,4343.82,0.061958,0.087748,1.4162497175505988,0.08774800000000005,0.62,Stage 1,performing,236.3201407632,0.05440376
AUS-000734,2026-08-31,personal_loan,NSW,B,CURRENT,0,4127.72,0.065171,0.092298,1.4162434211535806,0.20224840319392712,0.62,Stage 1,performing,236.2077863472,0.05722476
AUS-002541,2026-08-31,auto_loan,NSW,A,CURRENT,0,15294.85,0.028666,0.040598,1.4162422381915858,0.04059800000000002,0.38,Stage 1,performing,235.95732171400005,0.015427240000000002
AUS-001876,2026-08-31,auto_loan,VIC,B,CURRENT,0,10461.58,0.041899,0.059339,1.4162390510513378,0.08767472291620426,0.38,Stage 1,performing,235.8962843356,0.02254882
AUS-000965,2026-08-31,credit_card,NT,B,CURRENT,0,4718.29,0.056836,0.080494,1.4162502639172356,0.17206207462868184,0.62,Stage 1,performing,235.47230186119998,0.04990628
AUS-001383,2026-08-31,auto_loan,QLD,B,CURRENT,0,11713.95,0.037276,0.052792,1.4162463783667776,0.09054885213915576,0.38,Stage 1,performing,234.99308239200002,0.02006096
AUS-002566,2026-08-31,personal_loan,NSW,B,CURRENT,0,7863.49,0.034001,0.048154,1.4162524631628481,0.059825730181576,0.62,Stage 1,performing,234.7682684252,0.02985548
AUS-000470,2026-08-31,auto_loan,QLD,B,CURRENT,0,11742.6,0.037095,0.052536,1.4162555600485238,0.10633998247060628,0.38,Stage 1,performing,234.42550876800001,0.01996368
AUS-000187,2026-08-31,personal_loan,QLD,B,CURRENT,0,5214.27,0.051144,0.072433,1.4162560613170654,0.20193940412780664,0.62,Stage 1,performing,234.1648357242,0.04490846
AUS-002028,2026-08-31,personal_loan,NSW,C,CURRENT,0,1818.18,0.146613,0.207641,1.4162523105045255,0.48285501225798133,0.62,Stage 1,performing,234.0678022956,0.12873742
AUS-002140,2026-08-31,credit_card,QLD,C,CURRENT,0,3473.51,0.07669,0.108612,1.4162472291041859,0.16643576305400087,0.62,Stage 1,performing,233.90421823440002,0.06733944
AUS-002625,2026-08-31,auto_loan,NSW,B,CURRENT,0,12235.61,0.035424,0.050169,1.4162432249322494,0.05016900000000002,0.38,Stage 1,performing,233.2623608742,0.01906422
AUS-001805,2026-08-31,auto_loan,VIC,B,CURRENT,0,7986.63,0.054211,0.076776,1.4162439357326002,0.1069994941364405,0.38,Stage 1,performing,233.00897185440002,0.02917488
AUS-002278,2026-08-31,personal_loan,WA,B,CURRENT,0,7936.54,0.033247,0.047086,1.4162480825337627,0.09195490860399991,0.62,Stage 1,performing,231.6939519128,0.029193320000000002
AUS-002515,2026-08-31,personal_loan,NSW,C,CURRENT,0,3140.77,0.083699,0.118539,1.4162534797309407,0.19812729973165966,0.62,Stage 1,performing,230.8283157186,0.07349418
AUS-002832,2026-08-31,auto_loan,QLD,A,CURRENT,0,22525.34,0.01894,0.026824,1.4162618796198523,0.06359758322693365,0.38,Stage 1,performing,229.6034936608,0.01019312
AUS-000574,2026-08-31,auto_loan,QLD,B,CURRENT,0,11433.96,0.037135,0.052592,1.4162380503568062,0.13026414752248783,0.38,Stage 1,performing,228.50723324159998,0.01998496
AUS-000045,2026-08-31,credit_card,VIC,D,CURRENT,0,1462.14,0.177232,0.251005,1.4162510156179469,0.41132171320185784,0.62,Stage 1,performing,227.542759434,0.1556231
AUS-000227,2026-08-31,personal_loan,SA,A,CURRENT,0,10064.82,0.025715,0.036419,1.4162551040248883,0.05412806015991145,0.62,Stage 1,performing,227.2614213396,0.02257978
AUS-002032,2026-08-31,auto_loan,VIC,A,CURRENT,0,17228.0,0.024499,0.034697,1.4162618882403364,0.051591399058468435,0.38,Stage 1,performing,227.14876808,0.01318486
AUS-000949,2026-08-31,credit_card,WA,B,CURRENT,0,4941.73,0.052271,0.074029,1.416253754471887,0.1958089067796578,0.62,Stage 1,performing,226.81542470539998,0.04589798
AUS-000027,2026-08-31,auto_loan,QLD,B,CURRENT,0,6044.59,0.069584,0.098548,1.4162451138192689,0.09854799999999997,0.38,Stage 1,performing,226.3592570216,0.03744824
AUS-000483,2026-08-31,auto_loan,VIC,B,CURRENT,0,10901.28,0.038077,0.053927,1.4162617853297268,0.1492925732213387,0.38,Stage 1,performing,223.39186409280003,0.02049226
AUS-002973,2026-08-31,personal_loan,NSW,B,CURRENT,0,7299.14,0.034758,0.049226,1.416249496518787,0.09221816985423359,0.62,Stage 1,performing,222.7706286968,0.030520119999999998
AUS-000671,2026-08-31,personal_loan,NSW,B,CURRENT,0,5900.3,0.042922,0.060788,1.416243418293649,0.09924630023116676,0.62,Stage 1,performing,222.373810568,0.03768856
AUS-000714,2026-08-31,credit_card,NSW,C,CURRENT,0,3019.77,0.083649,0.118468,1.416251240301737,0.19801426501719532,0.62,Stage 1,performing,221.8025896632,0.07345016
AUS-002593,2026-08-31,auto_loan,QLD,B,CURRENT,0,7917.95,0.052021,0.073675,1.416254973952827,0.1197507943104883,0.38,Stage 1,performing,221.674887175,0.0279965
AUS-000681,2026-08-31,personal_loan,WA,A,CURRENT,0,10408.17,0.024068,0.034086,1.4162373275718796,0.045187825916556346,0.62,Stage 1,performing,219.95918722439998,0.021133319999999997
AUS-002668,2026-08-31,personal_loan,NSW,B,CURRENT,0,4330.03,0.057806,0.081868,1.416254368058679,0.10126551666277783,0.62,Stage 1,performing,219.78435554479998,0.05075816
AUS-001039,2026-08-31,personal_loan,WA,A,CURRENT,0,11684.55,0.021378,0.030277,1.4162690616521656,0.05722494115575383,0.62,Stage 1,performing,219.33933461699996,0.01877174
AUS-002299,2026-08-31,personal_loan,NSW,B,CURRENT,0,4650.3,0.053662,0.075999,1.416253587268458,0.10002608563786297,0.62,Stage 1,performing,219.119252814,0.047119379999999995
AUS-001687,2026-08-31,auto_loan,WA,A,CURRENT,0,22241.1,0.018287,0.025899,1.4162519822824955,0.061445188312452825,0.38,Stage 1,performing,218.88845458199995,0.009841619999999999
AUS-002721,2026-08-31,auto_loan,VIC,C,CURRENT,0,4636.2,0.087579,0.124034,1.4162527546557966,0.1618604532362662,0.38,Stage 1,performing,218.517643704,0.04713292
AUS-002247,2026-08-31,personal_loan,VIC,C,CURRENT,0,2078.72,0.119539,0.169297,1.416249090255063,0.16929700000000003,0.62,Stage 1,performing,218.19105710079998,0.10496414
AUS-002551,2026-08-31,auto_loan,NSW,A,CURRENT,0,16356.17,0.024713,0.035,1.416258649293894,0.054848170196360124,0.38,Stage 1,performing,217.53706100000002,0.013300000000000001
AUS-001106,2026-08-31,auto_loan,NSW,A,CURRENT,0,24326.27,0.016536,0.023419,1.4162433478471215,0.06678339914727494,0.38,Stage 1,performing,216.4848285094,0.00889922
AUS-002489,2026-08-31,personal_loan,VIC,B,CURRENT,0,3821.65,0.0644,0.091206,1.4162422360248448,0.19360604226953282,0.62,Stage 1,performing,216.105594138,0.056547719999999996
AUS-002916,2026-08-31,personal_loan,NSW,B,CURRENT,0,4892.66,0.050167,0.071049,1.4162497259154423,0.11013947042026517,0.62,Stage 1,performing,215.5235322108,0.04405038
AUS-002707,2026-08-31,credit_card,WA,C,CURRENT,0,3177.36,0.076881,0.108883,1.4162536907688503,0.2716829040449391,0.62,Stage 1,performing,214.4955031056,0.06750745999999999
AUS-000065,2026-08-31,auto_loan,VIC,A,CURRENT,0,23496.34,0.016754,0.023728,1.4162588038677328,0.054491845798027905,0.38,Stage 1,performing,211.8580390976,0.00901664
AUS-001984,2026-08-31,personal_loan,NSW,B,CURRENT,0,7204.14,0.033462,0.047391,1.4162632239555317,0.12851832222757364,0.62,Stage 1,performing,211.67506721880002,0.029382420000000003
AUS-000935,2026-08-31,auto_loan,WA,B,CURRENT,0,7974.92,0.049178,0.069648,1.4162430355036806,0.09721638405474009,0.38,Stage 1,performing,211.0661467008,0.026466240000000002
AUS-000081,2026-08-31,auto_loan,VIC,B,CURRENT,0,8797.54,0.044556,0.063102,1.4162402370051173,0.06310199999999999,0.38,Stage 1,performing,210.95410025040005,0.023978760000000002
AUS-002942,2026-08-31,personal_loan,QLD,C,CURRENT,0,2211.25,0.108084,0.153074,1.4162503238222122,0.15307399999999993,0.62,Stage 1,performing,209.86062715,0.09490588
AUS-000650,2026-08-31,personal_loan,SA,B,CURRENT,0,6374.35,0.037369,0.052924,1.416254114372876,0.08249314834902521,0.62,Stage 1,performing,209.160781628,0.032812879999999996
AUS-002020,2026-08-31,personal_loan,VIC,A,CURRENT,0,12502.32,0.019025,0.026944,1.4162417871222075,0.06387660057089262,0.62,Stage 1,performing,208.8547562496,0.01670528
AUS-000868,2026-08-31,auto_loan,VIC,B,CURRENT,0,5897.99,0.065735,0.093097,1.4162470525595192,0.100452208310849,0.38,Stage 1,performing,208.6523665114,0.03537686
AUS-000975,2026-08-31,personal_loan,QLD,B,CURRENT,0,6918.41,0.034292,0.048566,1.4162486877405807,0.06422474646842435,0.62,Stage 1,performing,208.3196900372,0.03011092
AUS-000405,2026-08-31,credit_card,WA,C,CURRENT,0,3027.18,0.078332,0.110938,1.4162538936832967,0.27629240153610046,0.62,Stage 1,performing,208.21416280079995,0.06878155999999999
AUS-002270,2026-08-31,credit_card,NSW,D,CURRENT,0,1299.83,0.181792,0.257463,1.416250440063369,0.5129553923373695,0.62,Stage 1,performing,207.48804139979998,0.15962706
AUS-000199,2026-08-31,personal_loan,QLD,C,CURRENT,0,1597.17,0.147652,0.209112,1.4162490179611518,0.20911199999999996,0.62,Stage 1,performing,207.07219608480003,0.12964944
AUS-000170,2026-08-31,credit_card,TAS,B,CURRENT,0,3395.59,0.069445,0.098351,1.4162430700554394,0.24124771095728414,0.62,Stage 1,performing,207.05499669579999,0.060977619999999996
AUS-000325,2026-08-31,credit_card,SA,B,CURRENT,0,3878.88,0.06079,0.086094,1.4162526731370293,0.16477582316399997,0.62,Stage 1,performing,207.0479427264,0.05337828
AUS-002784,2026-08-31,personal_loan,VIC,C,CURRENT,0,2997.19,0.0785,0.111176,1.4162547770700638,0.11117599999999994,0.62,Stage 1,performing,206.5936691728,0.06892912
AUS-000380,2026-08-31,auto_loan,NSW,C,CURRENT,0,4370.39,0.087811,0.124362,1.4162462561638063,0.12436199999999997,0.38,Stage 1,performing,206.53396764840002,0.047257560000000004
AUS-001646,2026-08-31,auto_loan,NSW,A,CURRENT,0,17284.61,0.022099,0.031298,1.4162631793293814,0.059126558310634625,0.38,Stage 1,performing,205.5700150364,0.01189324
AUS-000364,2026-08-31,personal_loan,QLD,B,CURRENT,0,5841.48,0.039906,0.056517,1.4162531950082695,0.09679852369364517,0.62,Stage 1,performing,204.68861359919995,0.035040539999999995
AUS-002718,2026-08-31,credit_card,QLD,C,CURRENT,0,2706.91,0.086097,0.121935,1.4162514373323112,0.2853217673471443,0.62,Stage 1,performing,204.641583927,0.0755997
AUS-000218,2026-08-31,personal_loan,VIC,B,CURRENT,0,4934.87,0.047191,0.066834,1.4162446229153867,0.0933455766771022,0.62,Stage 1,performing,204.4866029796,0.04143708
AUS-002456,2026-08-31,auto_loan,NSW,A,CURRENT,0,13973.97,0.027152,0.038454,1.4162492634060107,0.08145209980734502,0.38,Stage 1,performing,204.1949161044,0.01461252
AUS-000361,2026-08-31,credit_card,TAS,C,CURRENT,0,1955.43,0.118708,0.16812,1.4162482730734238,0.27538687615099144,0.62,Stage 1,performing,203.82307279199998,0.10423439999999999
AUS-000869,2026-08-31,personal_loan,QLD,C,CURRENT,0,3246.62,0.071389,0.101105,1.4162546050511984,0.23392302093707762,0.62,Stage 1,performing,203.51469936199996,0.0626851
AUS-001113,2026-08-31,auto_loan,SA,C,CURRENT,0,4973.39,0.07596,0.107578,1.4162453923117428,0.10757799999999995,0.38,Stage 1,performing,203.3103927796,0.040879639999999995
AUS-000575,2026-08-31,credit_card,WA,C,CURRENT,0,2595.97,0.089023,0.126079,1.4162519798254383,0.2779658194305037,0.62,Stage 1,performing,202.9243270106,0.07816898
AUS-000710,2026-08-31,auto_loan,VIC,C,CURRENT,0,4714.58,0.079912,0.113175,1.4162453699068975,0.11317500000000003,0.38,Stage 1,performing,202.75758477000002,0.0430065
AUS-001571,2026-08-31,personal_loan,NSW,B,CURRENT,0,6830.71,0.033802,0.047872,1.4162475593160169,0.13331476169325862,0.62,Stage 1,performing,202.7398444544,0.029680639999999998
AUS-002080,2026-08-31,personal_loan,NSW,B,CURRENT,0,3651.3,0.063078,0.089334,1.4162465518881386,0.18352147746228842,0.62,Stage 1,performing,202.234845204,0.05538708
AUS-000543,2026-08-31,credit_card,VIC,C,CURRENT,0,3118.21,0.073846,0.104584,1.416244617176286,0.25515438078255503,0.62,Stage 1,performing,202.1912222768,0.06484208
AUS-001533,2026-08-31,auto_loan,ACT,C,CURRENT,0,2894.01,0.129701,0.183689,1.4162496819608175,0.183689,0.38,Stage 1,performing,202.0071650982,0.06980182
AUS-002352,2026-08-31,credit_card,VIC,C,CURRENT,0,2753.44,0.083342,0.118033,1.416248710134146,0.292064121346581,0.62,Stage 1,performing,201.4980057824,0.07318046
AUS-000381,2026-08-31,auto_loan,NSW,B,CURRENT,0,10458.05,0.035698,0.050557,1.4162418062636561,0.07885976306021325,0.38,Stage 1,performing,200.91650086299998,0.01921166
AUS-002214,2026-08-31,auto_loan,SA,B,CURRENT,0,12075.56,0.030845,0.043684,1.4162425028367644,0.09561531480455354,0.38,Stage 1,performing,200.4533299552,0.01659992
AUS-000777,2026-08-31,auto_loan,NSW,B,CURRENT,0,7292.8,0.050745,0.071868,1.416257759385161,0.07186800000000004,0.38,Stage 1,performing,199.165201152,0.027309840000000002
AUS-001884,2026-08-31,auto_loan,NT,C,CURRENT,0,3769.75,0.097569,0.138182,1.416249013518638,0.13818200000000003,0.38,Stage 1,performing,197.94640591,0.052509160000000006
AUS-001721,2026-08-31,personal_loan,WA,B,CURRENT,0,3851.87,0.05807,0.082242,1.4162562424659892,0.1332770465437234,0.62,Stage 1,performing,196.4070053748,0.05099004
AUS-001142,2026-08-31,auto_loan,NSW,A,CURRENT,0,19199.09,0.018989,0.026893,1.4162409816209385,0.05949449385220518,0.38,Stage 1,performing,196.2020284006,0.01021934
AUS-002492,2026-08-31,personal_loan,NSW,B,CURRENT,0,4965.71,0.044948,0.063658,1.4162587879327224,0.06365799999999999,0.62,Stage 1,performing,195.9864436516,0.03946796
AUS-002210,2026-08-31,personal_loan,VIC,C,CURRENT,0,2964.28,0.075099,0.106359,1.416250549274957,0.10635899999999998,0.62,Stage 1,performing,195.47227104240002,0.06594258
AUS-002496,2026-08-31,auto_loan,NSW,A,CURRENT,0,23591.65,0.015373,0.021772,1.4162492681974892,0.048321623790196555,0.38,Stage 1,performing,195.182213444,0.00827336
AUS-001452,2026-08-31,auto_loan,VIC,A,CURRENT,0,12484.89,0.028958,0.041012,1.416258028869397,0.050999445918633035,0.38,Stage 1,performing,194.5715172984,0.01558456
AUS-001400,2026-08-31,personal_loan,QLD,B,CURRENT,0,3864.67,0.057236,0.08106,1.416241526312111,0.1314157964850634,0.62,Stage 1,performing,194.22749312399998,0.050257199999999995
AUS-001729,2026-08-31,personal_loan,NSW,C,CURRENT,0,2077.67,0.106418,0.150714,1.4162453720235297,0.2279084881251231,0.62,Stage 1,performing,194.14305295559998,0.09344267999999999
AUS-001274,2026-08-31,auto_loan,NSW,A,CURRENT,0,17315.11,0.020809,0.029471,1.4162621942428757,0.04625966099236878,0.38,Stage 1,performing,193.9115705878,0.01119898
AUS-001549,2026-08-31,personal_loan,SA,C,CURRENT,0,2412.89,0.091489,0.129571,1.4162467619058028,0.129571,0.62,Stage 1,performing,193.83715351779998,0.08033401999999999
AUS-001907,2026-08-31,personal_loan,QLD,C,CURRENT,0,2855.0,0.077313,0.109495,1.416255998344392,0.16774277583973374,0.62,Stage 1,performing,193.8170995,0.0678869
AUS-000208,2026-08-31,auto_loan,QLD,A,CURRENT,0,21377.4,0.01682,0.023821,1.4162306777645657,0.04898716905331413,0.38,Stage 1,performing,193.507797252,0.00905198
AUS-001927,2026-08-31,personal_loan,VIC,B,CURRENT,0,3905.25,0.0564,0.079877,1.416258865248227,0.07987699999999998,0.62,Stage 1,performing,193.402585635,0.049523740000000004
AUS-002694,2026-08-31,credit_card,VIC,C,CURRENT,0,2356.45,0.093459,0.132361,1.4162466964123306,0.27345436731167494,0.62,Stage 1,performing,193.379288639,0.08206382000000001
AUS-001394,2026-08-31,personal_loan,QLD,A,CURRENT,0,7583.34,0.028605,0.040512,1.416255899318301,0.04381298177405113,0.62,Stage 1,performing,190.47408744959998,0.025117439999999998
AUS-001808,2026-08-31,personal_loan,NSW,A,CURRENT,0,7237.13,0.029958,0.042428,1.4162494158488552,0.12195997058358676,0.62,Stage 1,performing,190.3753100168,0.02630536
AUS-002397,2026-08-31,personal_loan,VIC,C,CURRENT,0,2987.87,0.072441,0.102595,1.4162559876313137,0.10259499999999999,0.62,Stage 1,performing,190.05512404300003,0.06360890000000001
AUS-001524,2026-08-31,auto_loan,VIC,A,CURRENT,0,20598.39,0.017139,0.024273,1.416243654822335,0.042090313499189125,0.38,Stage 1,performing,189.9941937786,0.00922374
AUS-000817,2026-08-31,credit_card,QLD,B,CURRENT,0,4399.81,0.048633,0.068876,1.4162400016449737,0.17328962305233808,0.62,Stage 1,performing,187.88561440720002,0.042703120000000004
AUS-000226,2026-08-31,credit_card,NSW,D,CURRENT,0,1108.93,0.192772,0.273013,1.416248210321001,0.5726952508925596,0.62,Stage 1,performing,187.70642977580002,0.16926806
AUS-002544,2026-08-31,personal_loan,WA,B,CURRENT,0,6709.19,0.031808,0.045048,1.4162474849094566,0.08806667769599996,0.62,Stage 1,performing,187.38606649439998,0.027929759999999998
AUS-000294,2026-08-31,personal_loan,QLD,C,CURRENT,0,2159.75,0.098741,0.139842,1.4162505949909359,0.21220080004703035,0.62,Stage 1,performing,187.25473089,0.08670204
AUS-001304,2026-08-31,personal_loan,NSW,A,CURRENT,0,7818.69,0.027136,0.038431,1.4162367334905661,0.09628219531513882,0.62,Stage 1,performing,186.29764674179998,0.02382722
AUS-002015,2026-08-31,personal_loan,SA,B,CURRENT,0,6506.04,0.03245,0.045957,1.4162403697996917,0.08980195415100001,0.62,Stage 1,performing,185.37880977359998,0.02849334
AUS-002265,2026-08-31,auto_loan,NSW,B,CURRENT,0,7209.53,0.047771,0.067656,1.4162567247911912,0.1153768191067347,0.38,Stage 1,performing,185.35182543839997,0.025709279999999998
AUS-001084,2026-08-31,credit_card,QLD,B,CURRENT,0,4570.2,0.04611,0.065303,1.416243764909998,0.1553493473795603,0.62,Stage 1,performing,185.037617772,0.04048786
AUS-002956,2026-08-31,personal_loan,VIC,A,CURRENT,0,7795.34,0.026953,0.038172,1.4162430898230252,0.10150038910765236,0.62,Stage 1,performing,184.4895054576,0.02366664
AUS-001598,2026-08-31,personal_loan,QLD,B,CURRENT,0,6937.75,0.030177,0.042738,1.4162441594591908,0.060001860639364635,0.62,Stage 1,performing,183.83344689,0.02649756
AUS-001458,2026-08-31,personal_loan,SA,B,CURRENT,0,5794.09,0.036067,0.05108,1.4162530845371115,0.05521700721186884,0.62,Stage 1,performing,183.496512664,0.0316696
AUS-002614,2026-08-31,auto_loan,SA,B,CURRENT,0,7191.2,0.047308,0.067,1.4162509512133254,0.06699999999999995,0.38,Stage 1,performing,183.08795200000003,0.025460000000000003
AUS-001975,2026-08-31,personal_loan,WA,B,CURRENT,0,6822.26,0.030489,0.04318,1.4162484830594642,0.10117924742566642,0.62,Stage 1,performing,182.64281581600002,0.026771600000000003
AUS-001346,2026-08-31,auto_loan,WA,B,CURRENT,0,5337.11,0.063507,0.089942,1.4162533264049633,0.08994199999999997,0.38,Stage 1,performing,182.4115320956,0.03417796
AUS-000512,2026-08-31,credit_card,QLD,C,CURRENT,0,1913.1,0.10837,0.153479,1.4162498846544247,0.18801656323769345,0.62,Stage 1,performing,182.044818438,0.09515698
AUS-002682,2026-08-31,credit_card,TAS,B,CURRENT,0,3487.3,0.059434,0.084173,1.4162432277820776,0.21478792710279704,0.62,Stage 1,performing,181.99263179800002,0.052187260000000006
AUS-001133,2026-08-31,personal_loan,QLD,B,CURRENT,0,4701.7,0.044078,0.062425,1.4162393938018967,0.06242499999999995,0.62,Stage 1,performing,181.97224595,0.0387035
AUS-000986,2026-08-31,credit_card,WA,C,CURRENT,0,2401.0,0.086273,0.122184,1.4162484207109989,0.2780473227905731,0.62,Stage 1,performing,181.88554608,0.07575408
AUS-002583,2026-08-31,personal_loan,QLD,B,CURRENT,0,4351.13,0.047417,0.067154,1.4162431195562775,0.10422467902077637,0.62,Stage 1,performing,181.16138609240002,0.04163548
AUS-000315,2026-08-31,personal_loan,WA,B,CURRENT,0,5629.43,0.036629,0.051876,1.4162548800131043,0.09304426752212702,0.62,Stage 1,performing,181.0600326216,0.032163119999999996
AUS-001275,2026-08-31,personal_loan,QLD,C,CURRENT,0,2308.72,0.089217,0.126354,1.4162547496553346,0.12635399999999997,0.62,Stage 1,performing,180.86392426559996,0.07833947999999999
AUS-001972,2026-08-31,credit_card,QLD,B,CURRENT,0,6161.48,0.033331,0.047205,1.4162491374396207,0.11386748279927095,0.62,Stage 1,performing,180.32865130799996,0.029267099999999997
AUS-002499,2026-08-31,credit_card,NSW,C,CURRENT,0,1822.29,0.112386,0.159167,1.4162529140640294,0.27227403382136417,0.62,Stage 1,performing,179.8300281066,0.09868354
AUS-001360,2026-08-31,personal_loan,VIC,A,CURRENT,0,11643.8,0.017557,0.024865,1.4162442330694311,0.049111731775000056,0.62,Stage 1,performing,179.50431394,0.0154163
AUS-001293,2026-08-31,auto_loan,VIC,B,CURRENT,0,10829.86,0.030582,0.043312,1.4162579295010138,0.08136470849129385,0.38,Stage 1,performing,178.24390060160002,0.01645856
AUS-000196,2026-08-31,personal_loan,VIC,B,CURRENT,0,4134.62,0.049094,0.069529,1.416242310669328,0.06952899999999995,0.62,Stage 1,performing,178.23511626759998,0.04310798
AUS-002153,2026-08-31,auto_loan,NSW,B,CURRENT,0,5517.15,0.059896,0.084828,1.416254841725658,0.09156341095383225,0.38,Stage 1,performing,177.843344076,0.03223464
AUS-002223,2026-08-31,personal_loan,QLD,B,CURRENT,0,5976.36,0.033788,0.047852,1.416242452941873,0.07847434042232382,0.62,Stage 1,performing,177.3080828064,0.029668240000000002
AUS-002804,2026-08-31,auto_loan,QLD,A,CURRENT,0,20368.7,0.016158,0.022884,1.416264389157074,0.06167812051739219,0.38,Stage 1,performing,177.12458570400003,0.008695920000000001
AUS-002689,2026-08-31,personal_loan,QLD,A,CURRENT,0,7122.11,0.028267,0.040033,1.4162450914493931,0.10627308779500733,0.62,Stage 1,performing,176.7740463706,0.02482046
AUS-002264,2026-08-31,personal_loan,NSW,C,CURRENT,0,2271.17,0.088624,0.125514,1.4162529337425527,0.12551400000000001,0.62,Stage 1,performing,176.73945145559998,0.07781867999999999
AUS-001718,2026-08-31,auto_loan,TAS,C,CURRENT,0,3766.4,0.087181,0.12347,1.4162489533269864,0.24838627785301826,0.38,Stage 1,performing,176.71421504,0.0469186
AUS-001353,2026-08-31,personal_loan,NSW,B,CURRENT,0,5024.47,0.040022,0.056681,1.4162460646644346,0.09267202114453177,0.62,Stage 1,performing,176.57103012340002,0.03514222
AUS-001101,2026-08-31,personal_loan,VIC,A,CURRENT,0,9839.55,0.020419,0.028918,1.416229981879622,0.028918,0.62,Stage 1,performing,176.41486627799998,0.01792916
AUS-000084,2026-08-31,personal_loan,QLD,B,CURRENT,0,3185.3,0.063066,0.089317,1.4162464719500205,0.13093783264165615,0.62,Stage 1,performing,176.390892862,0.055376539999999995
AUS-001184,2026-08-31,personal_loan,VIC,A,CURRENT,0,10312.34,0.019433,0.027522,1.4162507075593065,0.06521985135306885,0.62,Stage 1,performing,175.96605731760002,0.01706364
AUS-000865,2026-08-31,personal_loan,VIC,B,CURRENT,0,5325.06,0.037585,0.05323,1.4162564852999866,0.0829624772900911,0.62,Stage 1,performing,175.740825156,0.0330026
AUS-000193,2026-08-31,personal_loan,SA,A,CURRENT,0,6742.87,0.029583,0.041897,1.4162525774938308,0.08203864139099992,0.62,Stage 1,performing,175.1537351218,0.025976139999999998
AUS-002128,2026-08-31,personal_loan,VIC,C,CURRENT,0,2375.54,0.083935,0.118873,1.4162506701614346,0.118873,0.62,Stage 1,performing,175.0802911804,0.07370126
AUS-000374,2026-08-31,personal_loan,VIC,B,CURRENT,0,4087.17,0.048762,0.069059,1.4162462573315286,0.09100210624415028,0.62,Stage 1,performing,174.9986412786,0.04281658
AUS-002671,2026-08-31,auto_loan,NSW,C,CURRENT,0,4608.55,0.070548,0.099914,1.4162555990247776,0.09991400000000006,0.38,Stage 1,performing,174.974292586,0.03796732
AUS-001600,2026-08-31,personal_loan,VIC,C,CURRENT,0,2266.39,0.087888,0.124471,1.4162456763153104,0.124471,0.62,Stage 1,performing,174.90189440779997,0.07717202
AUS-001954,2026-08-31,credit_card,NT,C,CURRENT,0,2655.59,0.074903,0.106081,1.4162450102132091,0.2653677960750096,0.62,Stage 1,performing,174.6587385298,0.06577021999999999
AUS-002401,2026-08-31,auto_loan,NSW,A,CURRENT,0,13149.4,0.024661,0.034926,1.4162442723328332,0.03492600000000001,0.38,Stage 1,performing,174.51725887199999,0.01327188
AUS-001004,2026-08-31,personal_loan,NSW,B,CURRENT,0,4850.66,0.040964,0.058015,1.416243530905185,0.08574786997467354,0.62,Stage 1,performing,174.47484473799997,0.035969299999999996
AUS-000518,2026-08-31,auto_loan,QLD,B,CURRENT,0,7454.33,0.043322,0.061355,1.4162550205438345,0.06135500000000005,0.38,Stage 1,performing,173.796958517,0.0233149
AUS-000013,2026-08-31,auto_loan,VIC,C,CURRENT,0,3735.25,0.086332,0.122268,1.4162535328730945,0.13175539588852858,0.38,Stage 1,performing,173.54658786000002,0.046461840000000004
AUS-001490,2026-08-31,auto_loan,WA,A,CURRENT,0,12196.09,0.02643,0.037431,1.4162315550510785,0.06755098041313357,0.38,Stage 1,performing,173.4745010202,0.01422378
AUS-001373,2026-08-31,personal_loan,VIC,B,CURRENT,0,3624.01,0.054502,0.077188,1.4162416058126308,0.07718800000000003,0.62,Stage 1,performing,173.43265200560003,0.047856560000000006
AUS-000117,2026-08-31,auto_loan,NSW,A,CURRENT,0,12871.84,0.025001,0.035408,1.4162633494660215,0.08618319742494274,0.38,Stage 1,performing,173.1911220736,0.013455040000000001
AUS-001785,2026-08-31,personal_loan,SA,B,CURRENT,0,4426.95,0.044315,0.062761,1.416247320320433,0.07782585873689163,0.62,Stage 1,performing,172.260681549,0.03891182
AUS-001228,2026-08-31,auto_loan,NSW,A,CURRENT,0,15943.01,0.020036,0.028376,1.4162507486524254,0.08273525615274124,0.38,Stage 1,performing,171.9115636688,0.01078288
AUS-002946,2026-08-31,personal_loan,VIC,B,CURRENT,0,6276.28,0.031151,0.044118,1.4162627202979037,0.11669278091421598,0.62,Stage 1,performing,171.6760910448,0.027353159999999998
AUS-001332,2026-08-31,auto_loan,QLD,A,CURRENT,0,13387.49,0.023789,0.033691,1.416242801294716,0.06624691651900005,0.38,Stage 1,performing,171.39441172419998,0.01280258
AUS-000526,2026-08-31,personal_loan,SA,B,CURRENT,0,3671.06,0.053055,0.075139,1.416247290547545,0.12206820598565093,0.62,Stage 1,performing,171.0206619508,0.04658618
AUS-000624,2026-08-31,auto_loan,NSW,C,CURRENT,0,3590.73,0.088352,0.125129,1.4162554328141976,0.12512900000000005,0.38,Stage 1,performing,170.7356925846,0.04754902
AUS-000787,2026-08-31,credit_card,VIC,C,CURRENT,0,2388.18,0.08139,0.115269,1.4162550681901953,0.25619257711966104,0.62,Stage 1,performing,170.67553466039996,0.07146678
AUS-000551,2026-08-31,auto_loan,QLD,A,CURRENT,0,13613.07,0.023214,0.032877,1.4162574308606877,0.04359402127138812,0.38,Stage 1,performing,170.0716229082,0.01249326
AUS-000601,2026-08-31,auto_loan,VIC,A,CURRENT,0,16272.38,0.0194,0.027475,1.4162371134020617,0.04537099918198939,0.38,Stage 1,performing,169.89178339,0.0104405
AUS-002676,2026-08-31,auto_loan,TAS,C,CURRENT,0,3445.0,0.091553,0.129662,1.4162506963179797,0.12966199999999994,0.38,Stage 1,performing,169.7405242,0.049271560000000006
AUS-001827,2026-08-31,auto_loan,VIC,C,CURRENT,0,4065.43,0.077499,0.109758,1.4162505322649324,0.16813192123993104,0.38,Stage 1,performing,169.5611170572,0.04170804
AUS-002895,2026-08-31,credit_card,VIC,B,CURRENT,0,4460.64,0.043115,0.061062,1.416258842630175,0.0901802212952777,0.62,Stage 1,performing,168.8728718016,0.03785844
AUS-001995,2026-08-31,auto_loan,QLD,B,CURRENT,0,9110.47,0.034335,0.048627,1.4162516382699868,0.10609915168895168,0.38,Stage 1,performing,168.3456333822,0.01847826
AUS-002652,2026-08-31,personal_loan,SA,B,CURRENT,0,6034.21,0.031636,0.044804,1.4162346693640158,0.044803999999999955,0.62,Stage 1,performing,167.62118180079997,0.027778479999999994
AUS-002283,2026-08-31,personal_loan,VIC,B,CURRENT,0,2768.63,0.068821,0.097468,1.4162537597535638,0.17844495394278803,0.62,Stage 1,performing,167.3087538808,0.06043016
AUS-001011,2026-08-31,auto_loan,TAS,A,CURRENT,0,16213.29,0.019138,0.027104,1.4162399414776885,0.06852419338029503,0.38,Stage 1,performing,166.9891046208,0.01029952
AUS-001526,2026-08-31,personal_loan,VIC,A,CURRENT,0,7447.72,0.025506,0.036123,1.4162549988238062,0.05658909061728212,0.62,Stage 1,performing,166.8010735272,0.02239626
AUS-002206,2026-08-31,auto_loan,VIC,A,CURRENT,0,17366.14,0.017842,0.025269,1.4162649927138213,0.06597304612551158,0.38,Stage 1,performing,166.7534968308,0.00960222
AUS-001453,2026-08-31,credit_card,NSW,C,CURRENT,0,2144.77,0.088164,0.124862,1.416246994238011,0.32976110625687194,0.62,Stage 1,performing,166.0361684788,0.07741444
AUS-002369,2026-08-31,personal_loan,VIC,B,CURRENT,0,3283.36,0.057532,0.08148,1.416255301397483,0.08148,0.62,Stage 1,performing,165.867467136,0.050517599999999996
AUS-001901,2026-08-31,auto_loan,VIC,B,CURRENT,0,9304.31,0.033051,0.046808,1.4162355148104446,0.06565869006926628,0.38,Stage 1,performing,165.4961341424,0.01778704
AUS-001264,2026-08-31,credit_card,SA,C,CURRENT,0,1523.39,0.123647,0.175115,1.416249484419355,0.22638560592492907,0.62,Stage 1,performing,165.396432707,0.1085713
AUS-002680,2026-08-31,personal_loan,VIC,A,CURRENT,0,11044.65,0.016987,0.024058,1.4162594925531289,0.03586907651211768,0.62,Stage 1,performing,164.741557614,0.014915959999999999
AUS-002778,2026-08-31,auto_loan,NSW,C,CURRENT,0,2827.05,0.108179,0.153209,1.4162545410846838,0.15320900000000004,0.38,Stage 1,performing,164.58921131100004,0.05821942000000001
AUS-000212,2026-08-31,auto_loan,QLD,C,CURRENT,0,3385.81,0.090202,0.127749,1.4162546285004767,0.127749,0.38,Stage 1,performing,164.3628598422,0.048544620000000004
AUS-001568,2026-08-31,personal_loan,QLD,A,CURRENT,0,8636.6,0.021638,0.030645,1.416258434236066,0.07245803912991167,0.62,Stage 1,performing,164.09453634000002,0.0189999
AUS-002989,2026-08-31,personal_loan,VIC,B,CURRENT,0,3138.69,0.059359,0.084067,1.416246904428983,0.1549051846615339,0.62,Stage 1,performing,163.5933563826,0.05212154
AUS-002430,2026-08-31,auto_loan,QLD,B,CURRENT,0,8211.92,0.036799,0.052117,1.4162613114486806,0.05211699999999997,0.38,Stage 1,performing,162.6326411632,0.01980446
AUS-000838,2026-08-31,credit_card,NSW,C,CURRENT,0,1368.43,0.134855,0.190988,1.4162470801972489,0.3454995838559999,0.62,Stage 1,performing,162.0392994808,0.11841255999999999
AUS-001271,2026-08-31,credit_card,NSW,A,CURRENT,0,7273.96,0.025266,0.035783,1.4162510884192197,0.10082728362271587,0.62,Stage 1,performing,161.3761486216,0.02218546
AUS-000666,2026-08-31,auto_loan,VIC,C,CURRENT,0,2786.77,0.106822,0.151287,1.4162532062683717,0.15128699999999995,0.38,Stage 1,performing,160.2087877362,0.05748906
AUS-002282,2026-08-31,personal_loan,VIC,B,CURRENT,0,3786.37,0.048142,0.068181,1.4162477670225584,0.13171335123900008,0.62,Stage 1,performing,160.05826564140003,0.042272220000000006
AUS-001117,2026-08-31,personal_loan,VIC,B,CURRENT,0,5712.65,0.031826,0.045074,1.4162634324137497,0.04507400000000006,0.62,Stage 1,performing,159.645031382,0.027945880000000003
AUS-001219,2026-08-31,auto_loan,NSW,A,CURRENT,0,16650.15,0.017801,0.025211,1.4162687489466883,0.05984239293311722,0.38,Stage 1,performing,159.51143402700004,0.00958018
AUS-000112,2026-08-31,personal_loan,VIC,B,CURRENT,0,2963.73,0.061197,0.08667,1.4162458944065885,0.09354405840852309,0.62,Stage 1,performing,159.25721704199998,0.053735399999999996
AUS-000981,2026-08-31,credit_card,QLD,D,CURRENT,0,957.5,0.189142,0.267872,1.4162481098856943,0.4911319280316718,0.62,Stage 1,performing,159.0222128,0.16608064
AUS-000311,2026-08-31,auto_loan,VIC,A,CURRENT,0,10329.69,0.028595,0.040498,1.4162615841930408,0.040498000000000034,0.38,Stage 1,performing,158.96607853560002,0.015389240000000002
AUS-002746,2026-08-31,auto_loan,QLD,C,CURRENT,0,2254.89,0.130911,0.185403,1.4162522629878316,0.18540299999999998,0.38,Stage 1,performing,158.86408085460002,0.07045314000000001
AUS-002938,2026-08-31,personal_loan,ACT,C,CURRENT,0,1445.02,0.124301,0.176041,1.41624765689737,0.176041,0.62,Stage 1,performing,157.7173148084,0.10914542
AUS-000451,2026-08-31,personal_loan,NSW,C,CURRENT,0,2484.99,0.072271,0.102354,1.416252715473703,0.10235400000000006,0.62,Stage 1,performing,157.69617320519998,0.06345948
AUS-000742,2026-08-31,personal_loan,NSW,A,CURRENT,0,11272.53,0.015901,0.02252,1.4162631281051508,0.04634472140018664,0.62,Stage 1,performing,157.39157287199998,0.013962399999999998
AUS-002236,2026-08-31,credit_card,TAS,C,CURRENT,0,1848.02,0.096758,0.137034,1.416254986667769,0.17840413082978968,0.62,Stage 1,performing,157.00977506159998,0.08496108
AUS-000102,2026-08-31,auto_loan,NSW,A,CURRENT,0,13450.25,0.021682,0.030707,1.4162438889401348,0.08219280058583667,0.38,Stage 1,performing,156.94639416500002,0.01166866
AUS-000189,2026-08-31,auto_loan,NSW,A,CURRENT,0,17933.07,0.016238,0.022997,1.4162458430841238,0.05100096925793596,0.38,Stage 1,performing,156.7145881002,0.00873886
AUS-001756,2026-08-31,auto_loan,QLD,B,CURRENT,0,6062.51,0.047999,0.067979,1.4162586720556678,0.06797900000000001,0.38,Stage 1,performing,156.60687957020002,0.025832020000000004
AUS-000378,2026-08-31,personal_loan,VIC,A,CURRENT,0,8292.75,0.021441,0.030366,1.4162585700293828,0.0860140487803116,0.62,Stage 1,performing,156.12694083,0.01882692
AUS-002786,2026-08-31,auto_loan,VIC,B,CURRENT,0,5022.12,0.057659,0.08166,1.4162576527515218,0.08165999999999995,0.38,Stage 1,performing,155.840401296,0.031030800000000004
AUS-000969,2026-08-31,auto_loan,TAS,A,CURRENT,0,15790.69,0.018316,0.02594,1.4162480891024243,0.0449524577596091,0.38,Stage 1,performing,155.651989468,0.0098572
AUS-000936,2026-08-31,personal_loan,SA,B,CURRENT,0,5282.16,0.033485,0.047423,1.416246080334478,0.07404088505994744,0.62,Stage 1,performing,155.30744168159998,0.029402259999999996
AUS-000668,2026-08-31,credit_card,NSW,B,CURRENT,0,3969.06,0.044477,0.062991,1.4162600894844526,0.16834986968976862,0.62,Stage 1,performing,155.00933624520002,0.039054420000000006
AUS-002000,2026-08-31,auto_loan,NSW,A,CURRENT,0,11273.09,0.025536,0.036165,1.4162359022556392,0.0537540376782536,0.38,Stage 1,performing,154.922693943,0.013742700000000002
AUS-002876,2026-08-31,personal_loan,WA,B,CURRENT,0,4499.82,0.038821,0.05498,1.4162437855799697,0.05498000000000003,0.62,Stage 1,performing,153.388064232,0.0340876
AUS-001047,2026-08-31,personal_loan,NSW,B,CURRENT,0,3568.46,0.04891,0.069269,1.4162543447147822,0.15422193377561777,0.62,Stage 1,performing,153.25386655879998,0.04294678
AUS-001714,2026-08-31,credit_card,NT,C,CURRENT,0,1295.48,0.134353,0.190277,1.416246752956763,0.2840773770923418,0.62,Stage 1,performing,152.83002973520001,0.11797174
AUS-000521,2026-08-31,credit_card,VIC,B,CURRENT,0,2551.21,0.068193,0.096578,1.4162450691419939,0.1907074428638602,0.62,Stage 1,performing,152.7622708156,0.05987836
AUS-001244,2026-08-31,personal_loan,QLD,B,CURRENT,0,4964.63,0.035029,0.04961,1.416255102914728,0.08130836210991077,0.62,Stage 1,performing,152.703082466,0.030758200000000003
AUS-001060,2026-08-31,auto_loan,SA,A,CURRENT,0,10181.37,0.027823,0.039404,1.4162383639435001,0.08034145122657088,0.38,Stage 1,performing,152.45094732240003,0.01497352
AUS-002171,2026-08-31,personal_loan,QLD,B,CURRENT,0,5437.0,0.031819,0.045064,1.4162607247242214,0.08809723590399998,0.62,Stage 1,performing,151.90804016,0.02793968
AUS-001226,2026-08-31,credit_card,VIC,C,CURRENT,0,1756.23,0.098445,0.139423,1.4162527299507337,0.17112857352171396,0.62,Stage 1,performing,151.8124902798,0.08644225999999999
AUS-000300,2026-08-31,auto_loan,VIC,A,CURRENT,0,14976.26,0.018757,0.026565,1.416271258730074,0.07344818231727679,0.38,Stage 1,performing,151.180851822,0.0100947
AUS-001478,2026-08-31,credit_card,VIC,C,CURRENT,0,2119.39,0.081199,0.114998,1.416248968583357,0.14161856694531338,0.62,Stage 1,performing,151.1098789564,0.07129876
AUS-001359,2026-08-31,auto_loan,ACT,B,CURRENT,0,8187.39,0.034196,0.04843,1.4162475143291615,0.09825264228558295,0.38,Stage 1,performing,150.675813126,0.0184034
AUS-000213,2026-08-31,personal_loan,WA,A,CURRENT,0,8446.46,0.020289,0.028734,1.4162353984917935,0.06349323516394889,0.62,Stage 1,performing,150.4743606168,0.01781508
AUS-000344,2026-08-31,auto_loan,WA,A,CURRENT,0,15007.12,0.018617,0.026366,1.416232475694258,0.05414526924364471,0.38,Stage 1,performing,150.3575358496,0.01001908
AUS-000073,2026-08-31,credit_card,NT,C,CURRENT,0,1919.58,0.08917,0.126287,1.4162498598183246,0.29443657366659404,0.62,Stage 1,performing,150.29915966520002,0.07829794000000001
AUS-000997,2026-08-31,auto_loan,NSW,A,CURRENT,0,12230.61,0.022606,0.032016,1.416261169600991,0.06554432494368978,0.38,Stage 1,performing,148.79857970880002,0.012166080000000001
AUS-002626,2026-08-31,personal_loan,QLD,B,CURRENT,0,5320.47,0.031846,0.045102,1.4162532186145829,0.0704661189084913,0.62,Stage 1,performing,148.7775795228,0.02796324
AUS-002887,2026-08-31,personal_loan,NSW,B,CURRENT,0,4070.86,0.041458,0.058715,1.4162525929856722,0.05871499999999996,0.62,Stage 1,performing,148.192737838,0.0364033
AUS-000805,2026-08-31,personal_loan,NSW,A,CURRENT,0,5704.19,0.029543,0.04184,1.4162407338455811,0.1108918309898167,0.62,Stage 1,performing,147.971251952,0.0259408
AUS-001655,2026-08-31,credit_card,QLD,B,CURRENT,0,4396.92,0.038226,0.054138,1.4162611834876784,0.12585435766210462,0.62,Stage 1,performing,147.5850820752,0.03356556
AUS-002844,2026-08-31,personal_loan,VIC,B,CURRENT,0,5088.81,0.033,0.046736,1.416242424242424,0.05431015778997306,0.62,Stage 1,performing,147.45498697920002,0.02897632
AUS-000156,2026-08-31,auto_loan,VIC,A,CURRENT,0,9384.49,0.029178,0.041323,1.4162382617040237,0.041323,0.38,Stage 1,performing,147.3622065026,0.01570274
AUS-002577,2026-08-31,auto_loan,NSW,B,CURRENT,0,5220.67,0.052406,0.07422,1.4162500477044613,0.07421999999999995,0.38,Stage 1,performing,147.241688412,0.0282036
AUS-000079,2026-08-31,auto_loan,NSW,B,CURRENT,0,5134.09,0.053204,0.07535,1.4162468987294188,0.07535000000000003,0.38,Stage 1,performing,147.00439897,0.028633000000000002
AUS-002576,2026-08-31,auto_loan,QLD,A,CURRENT,0,9759.49,0.02789,0.039499,1.416242380781642,0.07122039011816694,0.38,Stage 1,performing,146.4862362938,0.015009620000000001
AUS-000093,2026-08-31,personal_loan,NSW,C,CURRENT,0,2337.46,0.071343,0.10104,1.4162566754972457,0.15519673736945638,0.62,Stage 1,performing,146.429714208,0.0626448
AUS-001874,2026-08-31,credit_card,SA,B,CURRENT,0,5377.5,0.030992,0.043892,1.4162364481156429,0.09943260048662439,0.62,Stage 1,performing,146.3381226,0.027213039999999997
AUS-002902,2026-08-31,credit_card,NSW,C,CURRENT,0,1494.03,0.110818,0.156946,1.416250067678536,0.2790759665514603,0.62,Stage 1,performing,145.37886007560002,0.09730652000000001
AUS-000845,2026-08-31,personal_loan,VIC,A,CURRENT,0,10878.39,0.015209,0.02154,1.4162666842001446,0.05983217929402418,0.62,Stage 1,performing,145.27872277199998,0.013354799999999998
AUS-000605,2026-08-31,credit_card,NSW,C,CURRENT,0,2068.74,0.079964,0.113249,1.4162498124155871,0.2886148755334429,0.62,Stage 1,performing,145.2552964812,0.07021438
AUS-001399,2026-08-31,auto_loan,NSW,A,CURRENT,0,16721.04,0.016138,0.022855,1.4162225802453836,0.02285499999999996,0.38,Stage 1,performing,145.22056029600003,0.0086849
AUS-000930,2026-08-31,auto_loan,NSW,B,CURRENT,0,6786.85,0.039613,0.056102,1.4162522404261226,0.056101999999999985,0.38,Stage 1,performing,144.687226306,0.021318760000000003
AUS-002216,2026-08-31,personal_loan,VIC,C,CURRENT,0,1188.47,0.138424,0.196043,1.4162500722418079,0.19604299999999997,0.62,Stage 1,performing,144.4545590102,0.12154666
AUS-001537,2026-08-31,auto_loan,NSW,A,CURRENT,0,17175.75,0.01562,0.022122,1.4162612035851472,0.05085861586907492,0.38,Stage 1,performing,144.38553776999998,0.00840636
AUS-001326,2026-08-31,credit_card,NSW,B,CURRENT,0,3313.45,0.049385,0.069942,1.4162599979750938,0.12447531894693764,0.62,Stage 1,performing,143.684578338,0.04336404
AUS-000487,2026-08-31,auto_loan,WA,A,CURRENT,0,12274.27,0.021654,0.030667,1.4162279486469014,0.07009839859830225,0.38,Stage 1,performing,143.03771447420002,0.011653460000000001
AUS-001725,2026-08-31,auto_loan,QLD,B,CURRENT,0,4834.77,0.054825,0.077646,1.4162517099863203,0.08383765389537978,0.38,Stage 1,performing,142.65220953960002,0.02950548
AUS-002720,2026-08-31,auto_loan,QLD,A,CURRENT,0,14780.57,0.017878,0.02532,1.4162658015437966,0.06610336118388138,0.38,Stage 1,performing,142.21273231199999,0.0096216
AUS-001648,2026-08-31,auto_loan,VIC,A,CURRENT,0,10680.87,0.024649,0.034909,1.4162440666964178,0.03776247858589721,0.38,Stage 1,performing,141.68622651540002,0.013265420000000002
AUS-002170,2026-08-31,auto_loan,QLD,B,CURRENT,0,5460.14,0.048122,0.068153,1.4162545197622711,0.06815300000000002,0.38,Stage 1,performing,141.40747013960004,0.025898140000000004
AUS-002924,2026-08-31,auto_loan,QLD,B,CURRENT,0,7009.14,0.037396,0.052962,1.416247727029629,0.10311902655599992,0.38,Stage 1,performing,141.06286761840002,0.02012556
AUS-000071,2026-08-31,personal_loan,QLD,B,CURRENT,0,3583.26,0.04456,0.063108,1.4162477558348292,0.12223338033599984,0.62,Stage 1,performing,140.2020706896,0.039126959999999995
AUS-000749,2026-08-31,auto_loan,WA,B,CURRENT,0,6353.3,0.040998,0.058063,1.4162398165764183,0.11716637096093929,0.38,Stage 1,performing,140.178830002,0.02206394
AUS-002719,2026-08-31,personal_loan,VIC,A,CURRENT,0,5298.7,0.029977,0.042455,1.4162524602195017,0.06300172943828031,0.62,Stage 1,performing,139.47291127,0.0263221
AUS-000328,2026-08-31,auto_loan,NSW,A,CURRENT,0,8753.18,0.029528,0.041819,1.4162489840151722,0.08188917123900008,0.38,Stage 1,performing,139.0987090796,0.01589122
AUS-000911,2026-08-31,auto_loan,QLD,B,CURRENT,0,4608.08,0.05605,0.079381,1.4162533452274753,0.07938100000000003,0.38,Stage 1,performing,139.0017194224,0.03016478
AUS-002296,2026-08-31,personal_loan,QLD,A,CURRENT,0,9375.21,0.016871,0.023894,1.4162764507142434,0.06245536514334815,0.62,Stage 1,performing,138.8869859988,0.014814279999999999
AUS-000649,2026-08-31,auto_loan,NSW,B,CURRENT,0,5966.54,0.043225,0.061217,1.4162406015037594,0.08077825644284131,0.38,Stage 1,performing,138.79639808840003,0.023262460000000006
AUS-000743,2026-08-31,credit_card,NSW,B,CURRENT,0,3578.82,0.044129,0.062498,1.4162568832287157,0.09713533913788952,0.62,Stage 1,performing,138.6748372632,0.03874876
AUS-002843,2026-08-31,personal_loan,NSW,C,CURRENT,0,2003.43,0.078829,0.111642,1.4162554389881898,0.15439730508733995,0.62,Stage 1,performing,138.67349787720002,0.06921804000000001
AUS-000565,2026-08-31,auto_loan,VIC,A,CURRENT,0,9833.38,0.02619,0.037092,1.4162657502863687,0.04012018053361199,0.38,Stage 1,performing,138.6010977648,0.01409496
AUS-001689,2026-08-31,auto_loan,VIC,B,CURRENT,0,7454.34,0.034548,0.048929,1.4162614333680674,0.060782503764838514,0.38,Stage 1,performing,138.59869270680002,0.018593020000000002
AUS-002670,2026-08-31,auto_loan,VIC,B,CURRENT,0,6487.15,0.039639,0.056139,1.4162567168697495,0.08301535727015241,0.38,Stage 1,performing,138.389203263,0.021332820000000002
AUS-002972,2026-08-31,auto_loan,QLD,A,CURRENT,0,13110.92,0.0196,0.027758,1.4162244897959184,0.0368383744023999,0.38,Stage 1,performing,138.2945085968,0.01054804
AUS-001985,2026-08-31,auto_loan,QLD,B,CURRENT,0,4313.42,0.059437,0.084178,1.4162558675572456,0.08417799999999998,0.38,Stage 1,performing,137.97612612880002,0.031987640000000005
AUS-002940,2026-08-31,personal_loan,SA,C,CURRENT,0,2172.35,0.072174,0.102216,1.4162440768143654,0.10221599999999997,0.62,Stage 1,performing,137.670335112,0.06337392
AUS-002971,2026-08-31,auto_loan,WA,A,CURRENT,0,10712.05,0.023812,0.033724,1.4162607088862758,0.033723999999999976,0.38,Stage 1,performing,137.27620619599998,0.01281512
AUS-001671,2026-08-31,personal_loan,WA,A,CURRENT,0,6133.25,0.025467,0.036068,1.4162641850237563,0.09608499792734093,0.62,Stage 1,performing,137.15271782000002,0.022362160000000002
AUS-001251,2026-08-31,personal_loan,QLD,A,CURRENT,0,6673.77,0.023365,0.033091,1.4162636421998718,0.054541063603705475,0.62,Stage 1,performing,136.9218683034,0.02051642
AUS-002169,2026-08-31,personal_loan,VIC,B,CURRENT,0,3882.46,0.040161,0.056878,1.416249595378601,0.08855079639229346,0.62,Stage 1,performing,136.91246712560002,0.03526436
AUS-002705,2026-08-31,auto_loan,QLD,B,CURRENT,0,6709.68,0.037768,0.053489,1.4162518534208854,0.05348900000000001,0.38,Stage 1,performing,136.3797479376,0.020325819999999998
AUS-001904,2026-08-31,personal_loan,WA,B,CURRENT,0,5133.61,0.030249,0.04284,1.4162451651294259,0.10368357991031296,0.62,Stage 1,performing,136.35278848800002,0.026560800000000006
AUS-002500,2026-08-31,auto_loan,QLD,B,CURRENT,0,4973.22,0.05092,0.072115,1.4162411626080125,0.0836180778895379,0.38,Stage 1,performing,136.284628914,0.027403699999999996
AUS-002762,2026-08-31,credit_card,QLD,B,CURRENT,0,3606.38,0.042876,0.060723,1.4162468513853905,0.17133105468215304,0.62,Stage 1,performing,135.7739318988,0.037648259999999996
AUS-000103,2026-08-31,personal_loan,VIC,A,CURRENT,0,7408.7,0.020831,0.029502,1.416254620517498,0.03192085330436034,0.62,Stage 1,performing,135.514309788,0.01829124
AUS-002199,2026-08-31,personal_loan,SA,C,CURRENT,0,1608.61,0.095626,0.13543,1.4162466274862484,0.186295166455279,0.62,Stage 1,performing,135.069512426,0.0839666
AUS-002697,2026-08-31,credit_card,VIC,A,CURRENT,0,6188.66,0.02484,0.03518,1.4162640901771337,0.09379319711620582,0.62,Stage 1,performing,134.984576456,0.021811600000000004
AUS-002514,2026-08-31,personal_loan,NSW,A,CURRENT,0,7595.01,0.020239,0.028663,1.416226098127378,0.05421511323086459,0.62,Stage 1,performing,134.9713784106,0.01777106
AUS-002367,2026-08-31,personal_loan,SA,A,CURRENT,0,9819.41,0.015639,0.022149,1.4162670247458276,0.034841995805260484,0.62,Stage 1,performing,134.8438694958,0.013732379999999999
AUS-002781,2026-08-31,personal_loan,NSW,A,CURRENT,0,6998.5,0.021932,0.031061,1.4162411088819988,0.061157214279000005,0.62,Stage 1,performing,134.77585327,0.01925782
AUS-000937,2026-08-31,credit_card,NSW,B,CURRENT,0,3437.27,0.04455,0.063094,1.4162514029180695,0.1775906094208345,0.62,Stage 1,performing,134.4600902956,0.03911828
AUS-000547,2026-08-31,personal_loan,QLD,A,CURRENT,0,7181.41,0.021277,0.030134,1.416271090849274,0.052137076243403246,0.62,Stage 1,performing,134.1708575428,0.01868308
AUS-001227,2026-08-31,auto_loan,QLD,A,CURRENT,0,8423.85,0.02957,0.041879,1.4162664863036862,0.08200414935900002,0.38,Stage 1,performing,134.057317377,0.01591402
AUS-000284,2026-08-31,personal_loan,VIC,B,CURRENT,0,3745.13,0.040738,0.057695,1.416245274682115,0.16329091102297755,0.62,Stage 1,performing,133.966670717,0.0357709
AUS-001258,2026-08-31,credit_card,NSW,B,CURRENT,0,3427.08,0.044498,0.06302,1.4162434266708617,0.14555992625187875,0.62,Stage 1,performing,133.904240592,0.0390724
AUS-000120,2026-08-31,auto_loan,WA,B,CURRENT,0,6355.85,0.039097,0.055371,1.4162467708519835,0.08189593273084217,0.38,Stage 1,performing,133.733312733,0.021040979999999997
AUS-002722,2026-08-31,credit_card,VIC,C,CURRENT,0,1126.99,0.135109,0.191348,1.416249102576438,0.31042276807836344,0.62,Stage 1,performing,133.7013151624,0.11863575999999999
AUS-002868,2026-08-31,auto_loan,NSW,B,CURRENT,0,6309.1,0.039102,0.055378,1.4162446933660682,0.05537800000000004,0.38,Stage 1,performing,132.766429124,0.021043640000000002
AUS-001139,2026-08-31,personal_loan,VIC,B,CURRENT,0,2522.89,0.059883,0.084809,1.416245011104988,0.08480900000000002,0.62,Stage 1,performing,132.65754236619998,0.052581579999999996
AUS-002022,2026-08-31,personal_loan,QLD,C,CURRENT,0,1645.23,0.091792,0.13,1.4162454244378595,0.13,0.62,Stage 1,performing,132.605538,0.08059999999999999
AUS-002877,2026-08-31,personal_loan,SA,B,CURRENT,0,2736.05,0.055122,0.078067,1.4162584811871848,0.078067,0.62,Stage 1,performing,132.42903351700002,0.04840154000000001
AUS-000637,2026-08-31,auto_loan,NSW,C,CURRENT,0,3429.8,0.071697,0.101541,1.416251726013641,0.10154099999999999,0.38,Stage 1,performing,132.340822284,0.03858558
AUS-001356,2026-08-31,personal_loan,SA,B,CURRENT,0,2962.03,0.050878,0.072056,1.416250638782971,0.09490182194345109,0.62,Stage 1,performing,132.3278608816,0.04467472
AUS-002748,2026-08-31,personal_loan,TAS,B,CURRENT,0,2622.48,0.057238,0.081063,1.4162444529857787,0.081063,0.62,Stage 1,performing,131.80337966879998,0.05025905999999999
AUS-000351,2026-08-31,auto_loan,NSW,A,CURRENT,0,9422.86,0.025947,0.036747,1.4162330905306972,0.09501581997033703,0.38,Stage 1,performing,131.5794978396,0.01396386
AUS-001191,2026-08-31,personal_loan,NSW,C,CURRENT,0,1363.01,0.109735,0.155412,1.4162482343828313,0.155412,0.62,Stage 1,performing,131.3334282744,0.09635544
AUS-001409,2026-08-31,credit_card,NSW,B,CURRENT,0,2337.69,0.063928,0.090538,1.4162495307220622,0.139517155247748,0.62,Stage 1,performing,131.2228618764,0.05613356
AUS-002654,2026-08-31,auto_loan,SA,A,CURRENT,0,13320.25,0.018269,0.025873,1.4162242049373255,0.04065532390493953,0.38,Stage 1,performing,130.961234735,0.00983174
AUS-000888,2026-08-31,personal_loan,QLD,A,CURRENT,0,5880.21,0.025326,0.035868,1.4162520729684906,0.09556914876678002,0.62,Stage 1,performing,130.76505081359997,0.022238159999999996
AUS-002490,2026-08-31,auto_loan,QLD,B,CURRENT,0,4505.4,0.053707,0.076063,1.4162585882659617,0.07606299999999999,0.38,Stage 1,performing,130.223811276,0.02890394
AUS-000760,2026-08-31,auto_loan,NSW,A,CURRENT,0,10035.42,0.023989,0.033974,1.4162324398682729,0.0958981080001966,0.38,Stage 1,performing,129.55847645039998,0.012910119999999997
AUS-000835,2026-08-31,auto_loan,VIC,C,CURRENT,0,3086.08,0.077731,0.110087,1.4162560625747773,0.11008700000000005,0.38,Stage 1,performing,129.1001698048,0.041833060000000005
AUS-002312,2026-08-31,personal_loan,WA,B,CURRENT,0,4359.64,0.033723,0.04776,1.4162441063962279,0.09692938800321182,0.62,Stage 1,performing,129.09417196799998,0.029611199999999994
AUS-001311,2026-08-31,personal_loan,QLD,B,CURRENT,0,2560.07,0.05704,0.080783,1.4162517531556802,0.08078300000000005,0.62,Stage 1,performing,128.2222835822,0.05008545999999999
AUS-000960,2026-08-31,auto_loan,WA,B,CURRENT,0,6692.14,0.035567,0.050372,1.4162566423932297,0.10208240436107285,0.38,Stage 1,performing,128.0966609104,0.01914136
AUS-000977,2026-08-31,auto_loan,NSW,B,CURRENT,0,4566.56,0.052093,0.073777,1.4162555429712245,0.07377699999999998,0.38,Stage 1,performing,128.0246969056,0.028035259999999996
AUS-002387,2026-08-31,credit_card,VIC,C,CURRENT,0,1514.33,0.096098,0.136099,1.4162521592540946,0.20676604459011305,0.62,Stage 1,performing,127.78125517539998,0.08438137999999999
AUS-000181,2026-08-31,credit_card,SA,B,CURRENT,0,2407.79,0.060349,0.085469,1.4162455053107756,0.1573827865895271,0.62,Stage 1,performing,127.5906701762,0.05299078
AUS-002120,2026-08-31,personal_loan,NSW,B,CURRENT,0,2137.15,0.067631,0.095782,1.416244030104538,0.09578200000000003,0.62,Stage 1,performing,126.914310806,0.05938484
AUS-002481,2026-08-31,auto_loan,NT,B,CURRENT,0,4125.08,0.057134,0.080916,1.4162495186753947,0.08091599999999999,0.38,Stage 1,performing,126.8382898464,0.03074808
AUS-001831,2026-08-31,auto_loan,NSW,A,CURRENT,0,8482.6,0.027695,0.039223,1.4162484202924714,0.042421291414997286,0.38,Stage 1,performing,126.43094752400002,0.014904740000000001
AUS-000821,2026-08-31,personal_loan,TAS,A,CURRENT,0,7091.21,0.020247,0.028675,1.416259198893663,0.04270266442711068,0.62,Stage 1,performing,126.07107698499999,0.0177785
AUS-002297,2026-08-31,auto_loan,VIC,A,CURRENT,0,14225.61,0.016394,0.023218,1.4162498475051848,0.05703815615384855,0.38,Stage 1,performing,125.51028093240001,0.00882284
AUS-002529,2026-08-31,credit_card,NSW,B,CURRENT,0,2713.52,0.052657,0.074575,1.4162409556184363,0.2074554518138595,0.62,Stage 1,performing,125.46366748,0.0462365
AUS-001759,2026-08-31,credit_card,NSW,C,CURRENT,0,1799.48,0.079379,0.112421,1.416256188664508,0.18025577860935627,0.62,Stage 1,performing,125.42559146959998,0.06970101999999999
AUS-002386,2026-08-31,auto_loan,QLD,A,CURRENT,0,12673.12,0.018362,0.026005,1.4162400609955343,0.026005000000000056,0.38,Stage 1,performing,125.23450452800002,0.0098819
AUS-001434,2026-08-31,personal_loan,NSW,B,CURRENT,0,3116.74,0.045755,0.064801,1.4162605179761776,0.07518533878581657,0.62,Stage 1,performing,125.22007861879997,0.040176619999999996
AUS-002363,2026-08-31,auto_loan,QLD,B,CURRENT,0,6763.42,0.034378,0.048688,1.4162545814183491,0.0682682791694984,0.38,Stage 1,performing,125.13300932480001,0.01850144
AUS-002871,2026-08-31,auto_loan,NSW,A,CURRENT,0,9280.74,0.024976,0.035372,1.416239590006406,0.055424990748002334,0.38,Stage 1,performing,124.7457674064,0.013441360000000001
AUS-002320,2026-08-31,credit_card,WA,A,CURRENT,0,5555.43,0.02551,0.036129,1.416268130145041,0.09346668238982181,0.62,Stage 1,performing,124.4415208914,0.02239998
AUS-002355,2026-08-31,personal_loan,QLD,A,CURRENT,0,6944.64,0.020331,0.028794,1.4162608823963407,0.054459576422369205,0.62,Stage 1,performing,123.97765777920002,0.01785228
AUS-001148,2026-08-31,credit_card,NSW,B,CURRENT,0,2192.3,0.064309,0.091078,1.4162558895333468,0.1334573894858987,0.62,Stage 1,performing,123.79558562800001,0.05646836
AUS-001289,2026-08-31,auto_loan,VIC,B,CURRENT,0,3448.35,0.066705,0.094471,1.4162506558728731,0.09447099999999997,0.38,Stage 1,performing,123.79224768299999,0.03589898
AUS-000426,2026-08-31,credit_card,NSW,C,CURRENT,0,1112.92,0.126628,0.179337,1.4162507502290174,0.3483358208901961,0.62,Stage 1,performing,123.7443951048,0.11118894
AUS-002288,2026-08-31,auto_loan,ACT,A,CURRENT,0,8196.02,0.027966,0.039607,1.4162554530501323,0.09304644091797809,0.38,Stage 1,performing,123.35551037320002,0.015050660000000002
AUS-000923,2026-08-31,auto_loan,NSW,A,CURRENT,0,13611.01,0.016815,0.023814,1.416235504014273,0.04706089340399999,0.38,Stage 1,performing,123.17038501319999,0.00904932
AUS-002949,2026-08-31,credit_card,SA,C,CURRENT,0,1793.38,0.078206,0.110759,1.4162468352811806,0.2543265228100373,0.62,Stage 1,performing,123.1524447604,0.06867058
AUS-000476,2026-08-31,personal_loan,SA,A,CURRENT,0,5395.33,0.025995,0.036815,1.4162338911329102,0.03681500000000004,0.62,Stage 1,performing,123.150025849,0.0228253
AUS-001564,2026-08-31,credit_card,WA,D,CURRENT,0,933.54,0.150208,0.212732,1.416249467405198,0.2874089741257524,0.62,Stage 1,performing,123.1281753936,0.13189384
AUS-001252,2026-08-31,personal_loan,QLD,B,CURRENT,0,3357.4,0.041721,0.059087,1.4162412214472329,0.11017798001907231,0.62,Stage 1,performing,122.994790156,0.03663394
AUS-001035,2026-08-31,personal_loan,TAS,B,CURRENT,0,2439.58,0.057407,0.081303,1.4162558572996324,0.08777215824792595,0.62,Stage 1,performing,122.97400709879999,0.05040786
AUS-000676,2026-08-31,personal_loan,ACT,A,CURRENT,0,8838.62,0.015822,0.022408,1.4162558462899761,0.022407999999999983,0.62,Stage 1,performing,122.79459411520003,0.013892960000000001
AUS-001176,2026-08-31,auto_loan,NSW,A,CURRENT,0,9410.09,0.024191,0.034261,1.4162705138274565,0.048187638088949325,0.38,Stage 1,performing,122.5116555262,0.01301918
AUS-002755,2026-08-31,credit_card,ACT,A,CURRENT,0,4707.56,0.029612,0.041938,1.416250168850466,0.11114188652116408,0.62,Stage 1,performing,122.40390379360002,0.026001560000000003
AUS-000674,2026-08-31,auto_loan,NSW,A,CURRENT,0,9811.86,0.023124,0.032749,1.4162342155336447,0.06182589305885433,0.38,Stage 1,performing,122.1048691932,0.01244462
AUS-001206,2026-08-31,personal_loan,VIC,B,CURRENT,0,1999.98,0.069476,0.098395,1.4162444585180494,0.09839500000000001,0.62,Stage 1,performing,122.008579902,0.061004899999999994
AUS-000799,2026-08-31,auto_loan,TAS,B,CURRENT,0,6805.67,0.033166,0.046971,1.4162395224024602,0.05078419880273055,0.38,Stage 1,performing,121.47426771660001,0.01784898
AUS-000752,2026-08-31,personal_loan,NSW,A,CURRENT,0,5099.07,0.027105,0.038387,1.4162331673123039,0.10497687445837978,0.62,Stage 1,performing,121.35756005579998,0.02379994
AUS-001839,2026-08-31,auto_loan,VIC,A,CURRENT,0,11131.98,0.020252,0.028682,1.4162551846731186,0.07016991813748774,0.38,Stage 1,performing,121.32923113679999,0.01089916
AUS-000792,2026-08-31,personal_loan,VIC,B,CURRENT,0,2787.35,0.049439,0.070018,1.416250328687878,0.09772497636003963,0.62,Stage 1,performing,121.00209682599998,0.04341116
AUS-002535,2026-08-31,credit_card,NSW,B,CURRENT,0,3412.16,0.040345,0.057139,1.4162597595736772,0.10664369877638158,0.62,Stage 1,performing,120.8797943488,0.03542618
AUS-000696,2026-08-31,auto_loan,NSW,B,CURRENT,0,5001.56,0.044645,0.063228,1.4162392205174155,0.07337029533874195,0.38,Stage 1,performing,120.17068155840002,0.024026640000000002
AUS-001136,2026-08-31,personal_loan,TAS,A,CURRENT,0,5411.37,0.025223,0.035722,1.4162470760813544,0.05310158919194885,0.62,Stage 1,performing,119.84907466679998,0.022147639999999996
AUS-000411,2026-08-31,auto_loan,QLD,A,CURRENT,0,7812.35,0.028423,0.040254,1.4162474052703795,0.06298295296115486,0.38,Stage 1,performing,119.501768022,0.01529652
AUS-002769,2026-08-31,credit_card,VIC,B,CURRENT,0,2495.87,0.05451,0.0772,1.4162538983672721,0.12532648485716802,0.62,Stage 1,performing,119.46232168,0.047864000000000004
AUS-001591,2026-08-31,personal_loan,ACT,B,CURRENT,0,3125.11,0.043526,0.061644,1.4162569498690436,0.12414427407935202,0.62,Stage 1,performing,119.43945412080001,0.03821928
AUS-000871,2026-08-31,auto_loan,VIC,A,CURRENT,0,10902.82,0.020315,0.028771,1.416244154565592,0.02877099999999999,0.38,Stage 1,performing,119.2003130036,0.01093298
AUS-000642,2026-08-31,credit_card,VIC,C,CURRENT,0,1366.96,0.098216,0.139098,1.416245825527409,0.2771197053064095,0.62,Stage 1,performing,117.8876692896,0.08624076
AUS-000014,2026-08-31,credit_card,VIC,B,CURRENT,0,2804.25,0.047871,0.067797,1.416243654822335,0.09995184837436089,0.62,Stage 1,performing,117.874237095,0.04203414
AUS-000862,2026-08-31,auto_loan,NSW,A,CURRENT,0,12079.87,0.018091,0.025621,1.416229064175557,0.04440503689657338,0.38,Stage 1,performing,117.60937272260001,0.00973598
AUS-001040,2026-08-31,personal_loan,VIC,A,CURRENT,0,5334.79,0.025104,0.035554,1.416268323773104,0.07543918068796529,0.62,Stage 1,performing,117.5973366692,0.02204348
AUS-002467,2026-08-31,credit_card,NSW,B,CURRENT,0,2953.86,0.045325,0.064192,1.4162603419746278,0.11940825282381518,0.62,Stage 1,performing,117.5607922944,0.03979904
AUS-002156,2026-08-31,credit_card,NSW,D,CURRENT,0,864.27,0.154805,0.219243,1.4162527050159879,0.390418506951,0.62,Stage 1,performing,117.48079151820001,0.13593066
AUS-002302,2026-08-31,auto_loan,QLD,B,CURRENT,0,4429.67,0.049071,0.069497,1.4162539993071266,0.06949700000000003,0.38,Stage 1,performing,116.98253487620002,0.026408860000000003
AUS-001547,2026-08-31,personal_loan,WA,C,CURRENT,0,1483.02,0.089798,0.127176,1.4162453506759616,0.12717599999999996,0.62,Stage 1,performing,116.9348219424,0.07884912000000001
AUS-000401,2026-08-31,personal_loan,VIC,A,CURRENT,0,4877.47,0.027274,0.038627,1.416257241328738,0.0878187338449935,0.62,Stage 1,performing,116.80926088780001,0.02394874
AUS-000247,2026-08-31,auto_loan,QLD,B,CURRENT,0,4993.83,0.043401,0.061467,1.4162576899149788,0.08594949614645042,0.38,Stage 1,performing,116.6431844718,0.02335746
AUS-002998,2026-08-31,personal_loan,NSW,A,CURRENT,0,8533.67,0.015559,0.022035,1.41622212224436,0.04712958455197136,0.62,Stage 1,performing,116.584439439,0.013661699999999999
AUS-001067,2026-08-31,personal_loan,VIC,A,CURRENT,0,6085.88,0.021798,0.030871,1.4162308468666849,0.060788981359000016,0.62,Stage 1,performing,116.4838649176,0.01914002
AUS-000809,2026-08-31,auto_loan,VIC,A,CURRENT,0,11001.07,0.019643,0.027819,1.4162297001476352,0.027819000000000038,0.38,Stage 1,performing,116.29473120540001,0.010571220000000001
AUS-000564,2026-08-31,auto_loan,QLD,C,CURRENT,0,2784.8,0.077349,0.109546,1.4162561894788557,0.10954600000000003,0.38,Stage 1,performing,115.92420630400001,0.04162748
AUS-002546,2026-08-31,personal_loan,QLD,C,CURRENT,0,1752.83,0.075215,0.106523,1.4162467592900352,0.10652300000000003,0.62,Stage 1,performing,115.76436025580001,0.06604426000000001
AUS-001351,2026-08-31,auto_loan,QLD,A,CURRENT,0,7186.49,0.029847,0.042271,1.41625624015814,0.055960461184829,0.38,Stage 1,performing,115.43644514020001,0.01606298
AUS-001475,2026-08-31,auto_loan,VIC,C,CURRENT,0,2266.62,0.094564,0.133926,1.4162471976650735,0.133926,0.38,Stage 1,performing,115.35255304559998,0.050891879999999994
AUS-002409,2026-08-31,personal_loan,QLD,A,CURRENT,0,8062.86,0.016291,0.023072,1.4162420968632987,0.06763133007006916,0.62,Stage 1,performing,115.33630967039998,0.014304639999999999
AUS-001519,2026-08-31,personal_loan,SA,B,CURRENT,0,2614.78,0.050066,0.070906,1.416250549274957,0.08783255293468084,0.62,Stage 1,performing,114.9502262216,0.043961719999999996
AUS-000171,2026-08-31,personal_loan,VIC,B,CURRENT,0,2554.58,0.051206,0.07252,1.4162402843416786,0.07252000000000003,0.62,Stage 1,performing,114.86004779199999,0.0449624
AUS-001878,2026-08-31,personal_loan,SA,B,CURRENT,0,3739.29,0.034725,0.049179,1.4162419006479483,0.061091098836107416,0.62,Stage 1,performing,114.0146166042,0.03049098
AUS-002488,2026-08-31,credit_card,QLD,B,CURRENT,0,3444.14,0.037606,0.053259,1.4162367707280754,0.12787655186168634,0.62,Stage 1,performing,113.7275004012,0.03302058
AUS-002415,2026-08-31,auto_loan,VIC,A,CURRENT,0,12484.38,0.01692,0.023963,1.4162529550827423,0.03961846298513383,0.38,Stage 1,performing,113.68201521720002,0.009105940000000002
AUS-002783,2026-08-31,auto_loan,NSW,A,CURRENT,0,13194.97,0.015977,0.022627,1.4162233210239719,0.028203295889053903,0.38,Stage 1,performing,113.4537827522,0.00859826
AUS-000773,2026-08-31,auto_loan,VIC,A,CURRENT,0,11779.85,0.01786,0.025294,1.4162374020156774,0.053996190032264635,0.38,Stage 1,performing,113.22461984200001,0.00961172
AUS-000951,2026-08-31,auto_loan,SA,B,CURRENT,0,4592.85,0.045762,0.06481,1.4162405489270575,0.06481000000000003,0.38,Stage 1,performing,113.11179123000002,0.024627800000000002
AUS-002203,2026-08-31,credit_card,QLD,B,CURRENT,0,2017.78,0.063439,0.089845,1.4162423745645423,0.22808898553629464,0.62,Stage 1,performing,112.39821534199999,0.055703899999999994
AUS-002428,2026-08-31,auto_loan,QLD,A,CURRENT,0,7927.51,0.026301,0.037249,1.4162579369605717,0.07311051199899998,0.38,Stage 1,performing,112.2108915962,0.01415462
AUS-000980,2026-08-31,personal_loan,QLD,A,CURRENT,0,7712.91,0.01655,0.023439,1.4162537764350456,0.04632861327899995,0.62,Stage 1,performing,112.08539644380001,0.01453218
AUS-001404,2026-08-31,personal_loan,NSW,B,CURRENT,0,2775.09,0.045752,0.064796,1.4162440986186398,0.08032804170221153,0.62,Stage 1,performing,111.48513361680001,0.040173520000000004
AUS-002613,2026-08-31,auto_loan,ACT,A,CURRENT,0,8792.04,0.02349,0.033268,1.416262239250745,0.07068444869590618,0.38,Stage 1,performing,111.1475629536,0.01264184
AUS-001920,2026-08-31,credit_card,SA,C,CURRENT,0,1231.49,0.102602,0.14531,1.4162491959221069,0.14531000000000005,0.62,Stage 1,performing,110.947643378,0.0900922
AUS-002586,2026-08-31,personal_loan,VIC,A,CURRENT,0,4713.21,0.026774,0.037919,1.4162620452677972,0.05329104090463266,0.62,Stage 1,performing,110.8065301938,0.02350978
AUS-000531,2026-08-31,auto_loan,SA,A,CURRENT,0,10051.29,0.020413,0.02891,1.4162543477195906,0.040707757004724066,0.38,Stage 1,performing,110.42146168200001,0.0109858
AUS-001711,2026-08-31,auto_loan,WA,A,CURRENT,0,9996.06,0.020512,0.02905,1.4162441497659908,0.07105037192950159,0.38,Stage 1,performing,110.34650633999999,0.011039
AUS-000172,2026-08-31,auto_loan,NSW,B,CURRENT,0,6228.97,0.032865,0.046545,1.4162482884527614,0.04654500000000006,0.38,Stage 1,performing,110.172415287,0.0176871
AUS-001962,2026-08-31,personal_loan,NSW,B,CURRENT,0,2744.28,0.045718,0.064748,1.4162474298963208,0.06474800000000003,0.62,Stage 1,performing,110.16571769280002,0.04014376
AUS-001488,2026-08-31,auto_loan,VIC,A,CURRENT,0,10866.63,0.018816,0.026648,1.4162414965986396,0.039704511859297464,0.38,Stage 1,performing,110.0381033712,0.01012624
AUS-001849,2026-08-31,personal_loan,SA,B,CURRENT,0,2834.05,0.044199,0.062597,1.4162537613973165,0.06259700000000001,0.62,Stage 1,performing,109.98987726700001,0.03881014
AUS-001200,2026-08-31,auto_loan,VIC,A,CURRENT,0,10522.13,0.019403,0.027479,1.4162242952120805,0.05639646699183887,0.38,Stage 1,performing,109.87229190259998,0.01044202
AUS-000566,2026-08-31,auto_loan,NSW,A,CURRENT,0,8393.16,0.024305,0.034422,1.416251800041144,0.04563065110847131,0.38,Stage 1,performing,109.7855543376,0.013080360000000001
AUS-002173,2026-08-31,auto_loan,NSW,B,CURRENT,0,5625.58,0.036203,0.051272,1.416236223517388,0.09991518201599991,0.38,Stage 1,performing,109.60520034879998,0.019483359999999998
AUS-000576,2026-08-31,auto_loan,VIC,B,CURRENT,0,5988.59,0.03398,0.048124,1.4162448499117126,0.055916429708987025,0.38,Stage 1,performing,109.5140639608,0.01828712
AUS-002891,2026-08-31,personal_loan,NSW,B,CURRENT,0,3674.89,0.03386,0.047954,1.4162433549911397,0.04795400000000005,0.62,Stage 1,performing,109.2599185372,0.029731479999999998
AUS-001898,2026-08-31,personal_loan,WA,A,CURRENT,0,4859.11,0.025594,0.036248,1.4162694381495664,0.08254307714232945,0.62,Stage 1,performing,109.20247195360001,0.022473760000000002
AUS-002495,2026-08-31,credit_card,ACT,C,CURRENT,0,1246.01,0.09935,0.140704,1.4162455963764469,0.1933181491450684,0.62,Stage 1,performing,108.69752644479999,0.08723647999999999
AUS-001335,2026-08-31,credit_card,NSW,B,CURRENT,0,2375.15,0.052114,0.073806,1.4162413171124841,0.1638107481930997,0.62,Stage 1,performing,108.68619895799999,0.04575972
AUS-002555,2026-08-31,personal_loan,WA,A,CURRENT,0,6504.82,0.019016,0.026931,1.416228439209087,0.05313672123900004,0.62,Stage 1,performing,108.61241060039998,0.01669722
AUS-000520,2026-08-31,credit_card,NSW,B,CURRENT,0,3520.86,0.035077,0.049678,1.4162556661059955,0.07750913637307577,0.62,Stage 1,performing,108.4437555096,0.03080036
AUS-001211,2026-08-31,auto_loan,QLD,B,CURRENT,0,5826.39,0.034551,0.048933,1.416254232873144,0.048933000000000004,0.38,Stage 1,performing,108.3390419106,0.01859454
AUS-001014,2026-08-31,credit_card,NSW,A,CURRENT,0,4561.24,0.027014,0.038259,1.4162656400384985,0.10172386879274498,0.62,Stage 1,performing,108.19525831920001,0.02372058
AUS-000796,2026-08-31,personal_loan,NSW,B,CURRENT,0,3271.72,0.037587,0.053233,1.4162609412828904,0.12383173147898008,0.62,Stage 1,performing,107.98135187119999,0.03300446
AUS-002582,2026-08-31,credit_card,VIC,C,CURRENT,0,1014.42,0.121,0.171366,1.4162479338842975,0.23379103734423223,0.62,Stage 1,performing,107.77900058639999,0.10624692
AUS-000772,2026-08-31,auto_loan,NT,B,CURRENT,0,5766.11,0.034684,0.049121,1.416243801176335,0.07665290118655088,0.38,Stage 1,performing,107.63009393779998,0.01866598
AUS-002673,2026-08-31,personal_loan,NSW,C,CURRENT,0,1621.01,0.075444,0.106848,1.4162557658660728,0.11521892855590643,0.62,Stage 1,performing,107.3850394176,0.06624576
AUS-000273,2026-08-31,personal_loan,NSW,B,CURRENT,0,3600.06,0.033941,0.048069,1.416251730944875,0.07503494065515526,0.62,Stage 1,performing,107.2917961668,0.02980278
AUS-001091,2026-08-31,personal_loan,VIC,B,CURRENT,0,1950.4,0.062539,0.088571,1.4162522585906394,0.08857099999999996,0.62,Stage 1,performing,107.104304608,0.05491402
AUS-001875,2026-08-31,credit_card,QLD,C,CURRENT,0,1424.3,0.085632,0.121276,1.4162462630792227,0.2524020559704151,0.62,Stage 1,performing,107.09471221599999,0.07519112
AUS-001918,2026-08-31,auto_loan,NSW,A,CURRENT,0,8382.35,0.0236,0.033424,1.416271186440678,0.04160396283350398,0.38,Stage 1,performing,106.46523323200002,0.012701120000000002
AUS-002630,2026-08-31,personal_loan,VIC,B,CURRENT,0,3588.36,0.033761,0.047814,1.4162495186753947,0.05940592287651425,0.62,Stage 1,performing,106.3757839248,0.02964468
AUS-000507,2026-08-31,personal_loan,SA,A,CURRENT,0,6059.19,0.019991,0.028312,1.4162373067880547,0.05582243065600001,0.62,Stage 1,performing,106.3596281136,0.01755344
AUS-002958,2026-08-31,personal_loan,QLD,B,CURRENT,0,3375.38,0.035836,0.050753,1.4162573947985266,0.0630335473609599,0.62,Stage 1,performing,106.2126099068,0.03146686
AUS-000527,2026-08-31,credit_card,NSW,B,CURRENT,0,3053.26,0.039613,0.056102,1.4162522404261226,0.13023436876596917,0.62,Stage 1,performing,106.2022753624,0.03478324
AUS-001692,2026-08-31,credit_card,WA,A,CURRENT,0,6135.91,0.019691,0.027887,1.4162307653242596,0.0770090111150803,0.62,Stage 1,performing,106.08951574539999,0.01728994
AUS-002734,2026-08-31,personal_loan,NSW,A,CURRENT,0,4529.75,0.026668,0.037769,1.4162666866656666,0.03776899999999994,0.62,Stage 1,performing,106.07215920499999,0.023416779999999998
AUS-000151,2026-08-31,credit_card,WA,B,CURRENT,0,1997.79,0.060364,0.085491,1.416258034590153,0.2351716957760257,0.62,Stage 1,performing,105.89170023179999,0.05300442
AUS-002615,2026-08-31,personal_loan,ACT,A,CURRENT,0,4678.49,0.02563,0.036298,1.4162309793211079,0.03629799999999994,0.62,Stage 1,performing,105.2882946124,0.02250476
AUS-000101,2026-08-31,credit_card,NSW,C,CURRENT,0,1329.12,0.09011,0.127618,1.4162468094551106,0.16642964408671423,0.62,Stage 1,performing,105.16417441920001,0.07912316000000001
AUS-001372,2026-08-31,credit_card,QLD,B,CURRENT,0,2011.46,0.059247,0.083909,1.4162573632420206,0.18493901469839036,0.62,Stage 1,performing,104.6433502268,0.05202358
AUS-002599,2026-08-31,credit_card,NSW,B,CURRENT,0,3318.37,0.035908,0.050855,1.4162582154394563,0.137467240659358,0.62,Stage 1,performing,104.62853793699999,0.0315301
AUS-001286,2026-08-31,credit_card,WA,B,CURRENT,0,2100.89,0.056603,0.080164,1.4162500220836352,0.08654686714216242,0.62,Stage 1,performing,104.4177624952,0.04970168
AUS-001926,2026-08-31,personal_loan,VIC,B,CURRENT,0,3627.99,0.032577,0.046137,1.4162445897412284,0.11138220188363701,0.62,Stage 1,performing,103.77843627059998,0.028604939999999995
AUS-002556,2026-08-31,auto_loan,NSW,C,CURRENT,0,2741.52,0.070298,0.09956,1.4162565080087626,0.09955999999999998,0.38,Stage 1,performing,103.719377856,0.0378328
AUS-001897,2026-08-31,auto_loan,NT,A,CURRENT,0,11200.18,0.017202,0.024362,1.4162306708522268,0.05786231462943314,0.38,Stage 1,performing,103.68633836080002,0.009257560000000001
AUS-002112,2026-08-31,auto_loan,NSW,B,CURRENT,0,5798.21,0.033207,0.047029,1.4162375402776524,0.04702899999999999,0.38,Stage 1,performing,103.6199268742,0.01787102
AUS-001697,2026-08-31,personal_loan,WA,A,CURRENT,0,7105.14,0.0166,0.02351,1.4162650602409639,0.0350569105639188,0.62,Stage 1,performing,103.565941668,0.0145762
AUS-002523,2026-08-31,personal_loan,SA,B,CURRENT,0,3754.73,0.031193,0.044177,1.416247234956561,0.04417700000000002,0.62,Stage 1,performing,102.8410784702,0.02738974
AUS-002603,2026-08-31,auto_loan,VIC,A,CURRENT,0,11740.09,0.016261,0.02303,1.4162720619888074,0.060240752695993716,0.38,Stage 1,performing,102.742223626,0.0087514
AUS-002069,2026-08-31,personal_loan,TAS,B,CURRENT,0,2645.41,0.044103,0.062461,1.4162528626170554,0.08732062682771291,0.62,Stage 1,performing,102.4456714862,0.03872582
AUS-002969,2026-08-31,auto_loan,VIC,B,CURRENT,0,4222.15,0.044977,0.063699,1.4162571981234853,0.08902748600433619,0.38,Stage 1,performing,102.19975848300001,0.024205620000000004
AUS-000715,2026-08-31,auto_loan,QLD,A,CURRENT,0,8148.33,0.02329,0.032984,1.4162301416917131,0.03298400000000001,0.38,Stage 1,performing,102.1305163536,0.01253392
AUS-002923,2026-08-31,personal_loan,QLD,B,CURRENT,0,2743.79,0.042378,0.060018,1.4162537165510407,0.060018000000000016,0.62,Stage 1,performing,102.0996086964,0.03721116
AUS-000425,2026-08-31,auto_loan,NSW,A,CURRENT,0,8567.23,0.022126,0.031336,1.416252372774112,0.03133600000000003,0.38,Stage 1,performing,102.0158333264,0.01190768
AUS-002810,2026-08-31,personal_loan,VIC,A,CURRENT,0,6650.95,0.017438,0.024697,1.4162748021562106,0.04481126162893756,0.62,Stage 1,performing,101.84027753299999,0.015312139999999998
AUS-002119,2026-08-31,personal_loan,WA,B,CURRENT,0,1718.08,0.067432,0.095501,1.4162563767944003,0.09550100000000006,0.62,Stage 1,performing,101.72858200959999,0.05921062
AUS-002999,2026-08-31,credit_card,NSW,C,CURRENT,0,1101.18,0.104726,0.148318,1.416248114126387,0.2549672578033947,0.62,Stage 1,performing,101.2613854488,0.09195716
AUS-002155,2026-08-31,auto_loan,NSW,A,CURRENT,0,6697.2,0.027998,0.039652,1.4162440174298165,0.03965200000000002,0.38,Stage 1,performing,100.91180227199999,0.01506776
AUS-002890,2026-08-31,personal_loan,NSW,C,CURRENT,0,1604.46,0.071382,0.101095,1.4162533972149842,0.13246888244063992,0.62,Stage 1,performing,100.565787894,0.0626789
AUS-000863,2026-08-31,auto_loan,QLD,A,CURRENT,0,8558.25,0.021792,0.030863,1.416253671071953,0.030862999999999974,0.38,Stage 1,performing,100.370642505,0.011727940000000001
AUS-001466,2026-08-31,auto_loan,NSW,B,CURRENT,0,5993.83,0.030996,0.043898,1.4162472577106724,0.06511898604382105,0.38,Stage 1,performing,99.9845167492,0.01668124
AUS-002432,2026-08-31,auto_loan,NSW,A,CURRENT,0,6449.03,0.028794,0.04078,1.416267277905119,0.04078000000000004,0.38,Stage 1,performing,99.93674849199999,0.015496399999999999
AUS-002342,2026-08-31,personal_loan,NSW,A,CURRENT,0,3832.53,0.029666,0.042014,1.4162340726757905,0.05223873974877902,0.62,Stage 1,performing,99.83234756040001,0.02604868
AUS-002725,2026-08-31,personal_loan,NSW,B,CURRENT,0,3400.51,0.033352,0.047235,1.4162568961381625,0.0548876736550058,0.62,Stage 1,performing,99.586315707,0.029285699999999998
AUS-001071,2026-08-31,credit_card,VIC,A,CURRENT,0,4313.52,0.02628,0.037219,1.416248097412481,0.06125885837012102,0.62,Stage 1,performing,99.53783854560001,0.02307578
AUS-001814,2026-08-31,personal_loan,TAS,A,CURRENT,0,4360.83,0.025752,0.036471,1.4162395153774465,0.10269730497229435,0.62,Stage 1,performing,98.60717517660001,0.022612020000000004
AUS-002200,2026-08-31,auto_loan,VIC,C,CURRENT,0,1440.83,0.12714,0.180062,1.4162498033663677,0.18006199999999994,0.38,Stage 1,performing,98.5867179548,0.06842356
AUS-001235,2026-08-31,personal_loan,NSW,B,CURRENT,0,2862.33,0.039195,0.05551,1.4162520729684909,0.05550999999999995,0.62,Stage 1,performing,98.510521746,0.0344162
AUS-000418,2026-08-31,auto_loan,NSW,A,CURRENT,0,8178.39,0.022372,0.031684,1.416234578937958,0.0420206580102046,0.38,Stage 1,performing,98.4671613288,0.012039919999999999
AUS-001530,2026-08-31,personal_loan,NSW,A,CURRENT,0,3986.56,0.028098,0.039794,1.4162573848672504,0.039793999999999996,0.62,Stage 1,performing,98.3575245568,0.02467228
AUS-002027,2026-08-31,credit_card,SA,C,CURRENT,0,1084.75,0.102898,0.145729,1.4162471573791522,0.270221058559,0.62,Stage 1,performing,98.009310305,0.09035198
AUS-000944,2026-08-31,personal_loan,NSW,A,CURRENT,0,4221.89,0.026428,0.037429,1.41626305433631,0.09959037975515139,0.62,Stage 1,performing,97.9730949022,0.023205979999999998
AUS-002745,2026-08-31,personal_loan,NSW,A,CURRENT,0,5329.58,0.020901,0.029601,1.4162480264102195,0.05359805554113761,0.62,Stage 1,performing,97.8117564996,0.01835262
AUS-002693,2026-08-31,credit_card,WA,B,CURRENT,0,3562.29,0.031266,0.04428,1.4162348877374784,0.09688299984873205,0.62,Stage 1,performing,97.797684744,0.027453599999999998
AUS-001336,2026-08-31,credit_card,NSW,C,CURRENT,0,1322.43,0.084092,0.119095,1.416246491937402,0.11909499999999995,0.62,Stage 1,performing,97.646776527,0.0738389
AUS-000634,2026-08-31,personal_loan,VIC,B,CURRENT,0,2075.1,0.053461,0.075714,1.4162473578870578,0.17326674743188142,0.62,Stage 1,performing,97.410755268,0.04694268
AUS-002585,2026-08-31,personal_loan,NSW,B,CURRENT,0,2570.48,0.042874,0.06072,1.416242944441853,0.060719999999999996,0.62,Stage 1,performing,96.769318272,0.037646400000000003
AUS-000392,2026-08-31,personal_loan,NSW,B,CURRENT,0,3088.74,0.035672,0.05052,1.4162368244000896,0.05052000000000001,0.62,Stage 1,performing,96.74674977599999,0.0313224
AUS-000308,2026-08-31,auto_loan,NSW,B,CURRENT,0,4536.23,0.039543,0.056003,1.4162557216195026,0.056003000000000025,0.38,Stage 1,performing,96.53614570219999,0.02128114
AUS-002183,2026-08-31,credit_card,NSW,B,CURRENT,0,1887.18,0.058214,0.082446,1.4162572577043324,0.13359811589893666,0.62,Stage 1,performing,96.46607421360001,0.051116520000000006
AUS-000859,2026-08-31,personal_loan,QLD,A,CURRENT,0,7253.96,0.015122,0.021417,1.416280915222854,0.03717819520756627,0.62,Stage 1,performing,96.3219980184,0.013278539999999998
AUS-002568,2026-08-31,personal_loan,SA,B,CURRENT,0,3416.39,0.032101,0.045463,1.4162487149933025,0.056502053853556555,0.62,Stage 1,performing,96.2979899134,0.028187060000000003
AUS-000689,2026-08-31,auto_loan,NSW,A,CURRENT,0,10594.58,0.016884,0.023912,1.4162520729684909,0.06815680147101577,0.38,Stage 1,performing,96.2682868448,0.00908656
AUS-001026,2026-08-31,personal_loan,QLD,A,CURRENT,0,3957.92,0.027673,0.039192,1.416254110504824,0.08602908909411011,0.62,Stage 1,performing,96.1736563968,0.024299039999999997
AUS-002485,2026-08-31,credit_card,VIC,B,CURRENT,0,3590.72,0.0304,0.043054,1.41625,0.10746374852571261,0.62,Stage 1,performing,95.84881250560001,0.026693480000000006
AUS-000459,2026-08-31,auto_loan,NSW,B,CURRENT,0,3808.23,0.046674,0.066102,1.416248875176758,0.066102,0.38,Stage 1,performing,95.65801539479999,0.025118759999999997
AUS-001651,2026-08-31,personal_loan,SA,A,CURRENT,0,5444.37,0.020002,0.028328,1.4162583741625838,0.02832800000000002,0.62,Stage 1,performing,95.6214302832,0.01756336
AUS-001505,2026-08-31,credit_card,WA,B,CURRENT,0,2677.78,0.040665,0.057592,1.4162547645395303,0.11624644199002065,0.62,Stage 1,performing,95.6155975712,0.035707039999999995
AUS-002758,2026-08-31,auto_loan,NSW,B,CURRENT,0,5481.38,0.032348,0.045813,1.416254482502782,0.04581299999999999,0.38,Stage 1,performing,95.42501553720001,0.01740894
AUS-000174,2026-08-31,credit_card,NSW,B,CURRENT,0,2923.88,0.037079,0.052513,1.4162463928369156,0.1182659617220253,0.62,Stage 1,performing,95.1958604728,0.03255806
AUS-002619,2026-08-31,credit_card,NSW,D,CURRENT,0,616.38,0.175445,0.248474,1.4162501068710993,0.24847399999999997,0.62,Stage 1,performing,94.9557305544,0.15405388
AUS-001282,2026-08-31,personal_loan,NSW,A,CURRENT,0,6645.85,0.01624,0.023,1.416256157635468,0.04732008828155543,0.62,Stage 1,performing,94.76982100000001,0.01426
AUS-002779,2026-08-31,personal_loan,NSW,B,CURRENT,0,1968.73,0.054727,0.077507,1.4162479215012702,0.10198393542915063,0.62,Stage 1,performing,94.6060207882,0.04805434
AUS-001002,2026-08-31,auto_loan,NSW,A,CURRENT,0,10188.28,0.017248,0.024427,1.4162221706864564,0.024426999999999977,0.38,Stage 1,performing,94.57026391280002,0.00928226
AUS-000231,2026-08-31,personal_loan,SA,B,CURRENT,0,2241.38,0.04796,0.067923,1.4162427022518764,0.06792299999999996,0.62,Stage 1,performing,94.38957731880001,0.04211226
AUS-001024,2026-08-31,auto_loan,VIC,A,CURRENT,0,6633.35,0.026321,0.037277,1.4162455833744918,0.052395948407481074,0.38,Stage 1,performing,93.963127421,0.014165259999999999
AUS-002038,2026-08-31,personal_loan,QLD,A,CURRENT,0,4159.06,0.025525,0.03615,1.416258570029383,0.0795053549956618,0.62,Stage 1,performing,93.21701178000002,0.022413000000000002
AUS-001964,2026-08-31,personal_loan,NSW,C,CURRENT,0,1473.96,0.071961,0.101915,1.416253248287267,0.10191499999999998,0.62,Stage 1,performing,93.135552708,0.0631873
AUS-002862,2026-08-31,auto_loan,QLD,A,CURRENT,0,9539.63,0.018087,0.025616,1.4162658262840715,0.04232774265053796,0.38,Stage 1,performing,92.8595215904,0.00973408
AUS-000412,2026-08-31,auto_loan,NSW,B,CURRENT,0,4862.28,0.03536,0.050079,1.4162613122171945,0.06620835237549416,0.38,Stage 1,performing,92.52928564559998,0.019030019999999998
AUS-001681,2026-08-31,auto_loan,NSW,B,CURRENT,0,4633.69,0.036969,0.052357,1.4162406340447402,0.05659431533064618,0.38,Stage 1,performing,92.19032078539999,0.01989566
AUS-002314,2026-08-31,personal_loan,VIC,B,CURRENT,0,3066.84,0.034197,0.048432,1.4162645846126856,0.04843200000000003,0.62,Stage 1,performing,92.0905808256,0.03002784
AUS-002294,2026-08-31,personal_loan,NSW,B,CURRENT,0,1878.38,0.055821,0.079056,1.4162411995485569,0.07905600000000002,0.62,Stage 1,performing,92.0682697536,0.04901472
AUS-001798,2026-08-31,personal_loan,ACT,B,CURRENT,0,2066.63,0.050446,0.071444,1.4162470760813544,0.16400648258677797,0.62,Stage 1,performing,91.54195450639999,0.04429527999999999
AUS-000550,2026-08-31,personal_loan,VIC,B,CURRENT,0,1905.44,0.054699,0.077467,1.4162416131921973,0.07746699999999995,0.62,Stage 1,performing,91.5174066976,0.048029539999999996
AUS-000479,2026-08-31,auto_loan,QLD,A,CURRENT,0,8480.86,0.019983,0.028301,1.4162538157433817,0.03525020550374103,0.38,Stage 1,performing,91.20639116680002,0.010754380000000001
AUS-002793,2026-08-31,auto_loan,TAS,C,CURRENT,0,2009.93,0.084137,0.119159,1.4162496880088427,0.11915900000000001,0.38,Stage 1,performing,91.01047457060001,0.04528042
AUS-000468,2026-08-31,credit_card,QLD,B,CURRENT,0,2985.9,0.034692,0.049133,1.4162631154156577,0.1330260861711141,0.62,Stage 1,performing,90.957859314,0.03046246
AUS-000655,2026-08-31,credit_card,SA,B,CURRENT,0,1887.02,0.054813,0.077629,1.4162516191414447,0.14923173835899994,0.62,Stage 1,performing,90.8222348596,0.04812998
AUS-001912,2026-08-31,personal_loan,WA,A,CURRENT,0,3466.25,0.029838,0.042258,1.4162477377840337,0.07942391540339,0.62,Stage 1,performing,90.81561135,0.026199959999999998
AUS-001290,2026-08-31,auto_loan,VIC,A,CURRENT,0,10760.02,0.015675,0.0222,1.416267942583732,0.022199999999999998,0.38,Stage 1,performing,90.77152872,0.008436
AUS-002547,2026-08-31,credit_card,QLD,B,CURRENT,0,1584.74,0.064737,0.091684,1.416253456292383,0.25060482408870144,0.62,Stage 1,performing,90.08308733919999,0.05684407999999999
AUS-000481,2026-08-31,personal_loan,WA,B,CURRENT,0,2919.53,0.03509,0.049696,1.4162439441436305,0.09692230758399989,0.62,Stage 1,performing,89.9551569856,0.03081152
AUS-002358,2026-08-31,auto_loan,QLD,A,CURRENT,0,10955.36,0.015253,0.021602,1.4162459843965123,0.04621525515179914,0.38,Stage 1,performing,89.92992095360002,0.00820876
AUS-002825,2026-08-31,credit_card,VIC,B,CURRENT,0,1484.12,0.068944,0.097642,1.4162508702715246,0.17874850483894145,0.62,Stage 1,performing,89.84571592479999,0.060538039999999994
AUS-002640,2026-08-31,personal_loan,QLD,B,CURRENT,0,1700.33,0.060174,0.085221,1.4162428956027522,0.08522099999999999,0.62,Stage 1,performing,89.84037021660001,0.052837020000000005
AUS-001577,2026-08-31,auto_loan,NSW,A,CURRENT,0,7027.68,0.023741,0.033623,1.4162419443157406,0.05809625444767785,0.38,Stage 1,performing,89.7908401632,0.01277674
AUS-001090,2026-08-31,auto_loan,VIC,A,CURRENT,0,10318.53,0.016168,0.022898,1.416254329539832,0.04342693937878306,0.38,Stage 1,performing,89.78400597720001,0.00870124
AUS-002647,2026-08-31,auto_loan,NSW,A,CURRENT,0,8903.02,0.018681,0.026457,1.4162518066484664,0.026456999999999953,0.38,Stage 1,performing,89.50793605320001,0.01005366
AUS-002699,2026-08-31,personal_loan,QLD,A,CURRENT,0,6349.57,0.015962,0.022606,1.4162385665956647,0.0627314140090649,0.62,Stage 1,performing,88.9937952404,0.01401572
AUS-000498,2026-08-31,auto_loan,WA,A,CURRENT,0,9359.69,0.017641,0.024984,1.41624624454396,0.05931321187899674,0.38,Stage 1,performing,88.8601480848,0.00949392
AUS-000508,2026-08-31,credit_card,WA,A,CURRENT,0,4592.96,0.022024,0.031191,1.4162277515437705,0.06140912151899991,0.62,Stage 1,performing,88.8205895232,0.01933842
AUS-000410,2026-08-31,credit_card,NSW,A,CURRENT,0,4653.0,0.021696,0.030727,1.416251843657817,0.07023269801040821,0.62,Stage 1,performing,88.64309322,0.01905074
AUS-000504,2026-08-31,auto_loan,QLD,B,CURRENT,0,4978.1,0.032994,0.046728,1.4162575013638843,0.04672799999999999,0.38,Stage 1,performing,88.394329584,0.01775664
AUS-000191,2026-08-31,credit_card,SA,B,CURRENT,0,2532.11,0.039756,0.056304,1.4162390582553577,0.12224713231069939,0.62,Stage 1,performing,88.3921112928,0.03490848
AUS-001705,2026-08-31,auto_loan,VIC,B,CURRENT,0,3031.26,0.054139,0.076674,1.4162433735384843,0.07667400000000002,0.38,Stage 1,performing,88.3191551112,0.029136119999999998
AUS-000768,2026-08-31,personal_loan,VIC,A,CURRENT,0,3933.25,0.025571,0.036215,1.4162527863595478,0.05673166036081578,0.62,Stage 1,performing,88.314442225,0.0224533
AUS-000182,2026-08-31,credit_card,VIC,B,CURRENT,0,1796.91,0.055588,0.078727,1.4162589047995973,0.13957709545932206,0.62,Stage 1,performing,87.7085068134,0.04881074
AUS-001919,2026-08-31,auto_loan,QLD,A,CURRENT,0,9835.74,0.0165,0.023368,1.416242424242424,0.02720922881676857,0.38,Stage 1,performing,87.3397974816,0.00887984
AUS-000126,2026-08-31,auto_loan,ACT,A,CURRENT,0,10243.14,0.015776,0.022343,1.4162652129817446,0.03696030094880676,0.38,Stage 1,performing,86.96774126759999,0.008490339999999999
AUS-001989,2026-08-31,credit_card,NSW,C,CURRENT,0,897.01,0.109097,0.154509,1.41625342585039,0.154509,0.62,Stage 1,performing,85.9295932158,0.09579557999999999
AUS-000929,2026-08-31,auto_loan,ACT,A,CURRENT,0,6359.68,0.025087,0.035529,1.416231514330131,0.05281729274830027,0.38,Stage 1,performing,85.8621668736,0.01350102
AUS-002527,2026-08-31,credit_card,NSW,B,CURRENT,0,2440.1,0.04007,0.056749,1.416246568505116,0.10157188059316136,0.62,Stage 1,performing,85.853405638,0.03518438
AUS-001740,2026-08-31,auto_loan,VIC,A,CURRENT,0,7686.8,0.020746,0.029382,1.4162730164851054,0.02938200000000002,0.38,Stage 1,performing,85.82435188800001,0.01116516
AUS-002965,2026-08-31,personal_loan,VIC,A,CURRENT,0,5350.94,0.018243,0.025837,1.4162692539604231,0.048934068183966395,0.62,Stage 1,performing,85.71638680359999,0.01601894
AUS-000920,2026-08-31,auto_loan,SA,A,CURRENT,0,8428.44,0.018887,0.026749,1.4162651559273574,0.042020917940742586,0.38,Stage 1,performing,85.6718897928,0.01016462
AUS-000748,2026-08-31,personal_loan,SA,B,CURRENT,0,1707.89,0.056974,0.080689,1.416242496577386,0.08068900000000001,0.62,Stage 1,performing,85.4409204502,0.05002718
AUS-000606,2026-08-31,auto_loan,VIC,A,CURRENT,0,5605.91,0.028291,0.040067,1.4162454490827472,0.04658698649200366,0.38,Stage 1,performing,85.3525584686,0.01522546
AUS-000698,2026-08-31,auto_loan,VIC,A,CURRENT,0,10053.28,0.015754,0.022312,1.4162752316871905,0.02963815180072049,0.38,Stage 1,performing,85.2373376768,0.00847856
AUS-002222,2026-08-31,auto_loan,VIC,A,CURRENT,0,8075.61,0.0196,0.027758,1.4162244897959184,0.030036087879396267,0.38,Stage 1,performing,85.1818573044,0.01054804
AUS-001638,2026-08-31,credit_card,QLD,B,CURRENT,0,2041.94,0.047476,0.067238,1.416252422276519,0.1597140298695663,0.62,Stage 1,performing,85.12349626640001,0.041687560000000005
AUS-000219,2026-08-31,credit_card,TAS,C,CURRENT,0,846.85,0.114437,0.162071,1.4162464937039594,0.2441920885025325,0.62,Stage 1,performing,85.09489233699999,0.10048401999999998
AUS-000386,2026-08-31,credit_card,QLD,A,CURRENT,0,3922.52,0.024669,0.034937,1.4162308970773037,0.08777465282888386,0.62,Stage 1,performing,84.9654703688,0.02166094
AUS-002250,2026-08-31,personal_loan,NSW,C,CURRENT,0,1255.62,0.076828,0.108808,1.4162544905503203,0.10880800000000002,0.62,Stage 1,performing,84.7053305952,0.06746096
AUS-001155,2026-08-31,auto_loan,QLD,A,CURRENT,0,5554.24,0.028329,0.040121,1.4162518973490061,0.04339084855221709,0.38,Stage 1,performing,84.67983195519999,0.015245979999999998
AUS-002305,2026-08-31,personal_loan,NT,B,CURRENT,0,3113.21,0.030941,0.04382,1.4162438188810962,0.08571980759999998,0.62,Stage 1,performing,84.580934564,0.027168400000000002
AUS-000421,2026-08-31,auto_loan,VIC,A,CURRENT,0,6429.25,0.024439,0.034612,1.4162608944719506,0.05146612776174875,0.38,Stage 1,performing,84.56109638,0.013152559999999999
AUS-001716,2026-08-31,auto_loan,WA,A,CURRENT,0,6703.96,0.02336,0.033084,1.4162671232876713,0.03579108565407729,0.38,Stage 1,performing,84.2816488032,0.01257192
AUS-000800,2026-08-31,auto_loan,QLD,B,CURRENT,0,4156.55,0.037673,0.053354,1.4162397472991268,0.05335400000000001,0.38,Stage 1,performing,84.27205610600001,0.02027452
AUS-000369,2026-08-31,personal_loan,NSW,A,CURRENT,0,3623.07,0.026474,0.037494,1.4162574601495808,0.08239081454693742,0.62,Stage 1,performing,84.2228996796,0.02324628
AUS-000595,2026-08-31,personal_loan,SA,B,CURRENT,0,1552.13,0.061781,0.087497,1.4162444764571633,0.08749700000000005,0.62,Stage 1,performing,84.20016553820001,0.05424814
AUS-000691,2026-08-31,personal_loan,TAS,A,CURRENT,0,4551.26,0.021034,0.029789,1.4162308643149186,0.03223099122555806,0.62,Stage 1,performing,84.0580401668,0.018469179999999998
AUS-000914,2026-08-31,credit_card,NSW,B,CURRENT,0,1626.45,0.058664,0.083083,1.416251875085231,0.15926321511100006,0.62,Stage 1,performing,83.780814117,0.05151146
AUS-000502,2026-08-31,credit_card,VIC,B,CURRENT,0,1368.37,0.069578,0.09854,1.4162522636465549,0.2674464415678639,0.62,Stage 1,performing,83.600291476,0.061094800000000005
AUS-001626,2026-08-31,auto_loan,QLD,B,CURRENT,0,3144.77,0.048981,0.069369,1.416243033012801,0.06936900000000001,0.38,Stage 1,performing,82.8968290494,0.02636022
AUS-000358,2026-08-31,auto_loan,NSW,A,CURRENT,0,8425.75,0.018153,0.025709,1.4162397399878808,0.048694537194943543,0.38,Stage 1,performing,82.31469056499999,0.00976942
AUS-000596,2026-08-31,personal_loan,NSW,A,CURRENT,0,5221.38,0.017935,0.0254,1.416225257875662,0.04402571038666592,0.62,Stage 1,performing,82.22629223999999,0.015747999999999998
AUS-002888,2026-08-31,credit_card,NSW,B,CURRENT,0,1469.06,0.063716,0.090238,1.4162533743486723,0.1788303275501305,0.62,Stage 1,performing,82.1903224936,0.05594756
AUS-001108,2026-08-31,personal_loan,WA,A,CURRENT,0,4195.8,0.022248,0.031509,1.4162621359223302,0.03150900000000001,0.62,Stage 1,performing,81.96738656400001,0.01953558
AUS-002552,2026-08-31,auto_loan,NSW,B,CURRENT,0,3407.67,0.044515,0.063044,1.4162417162754128,0.06304399999999999,0.38,Stage 1,performing,81.6365960424,0.02395672
AUS-000779,2026-08-31,auto_loan,QLD,B,CURRENT,0,4445.76,0.034001,0.048154,1.4162524631628481,0.04815400000000003,0.38,Stage 1,performing,81.35082827520002,0.018298520000000002
AUS-001000,2026-08-31,personal_loan,VIC,B,CURRENT,0,2981.9,0.031048,0.043972,1.4162586962123163,0.054659498245511196,0.62,Stage 1,performing,81.29446621599999,0.027262639999999994
AUS-000984,2026-08-31,auto_loan,VIC,B,CURRENT,0,4307.96,0.035022,0.0496,1.416252641196962,0.04959999999999998,0.38,Stage 1,performing,81.19643008,0.018848
AUS-001965,2026-08-31,auto_loan,NSW,C,CURRENT,0,2126.28,0.070927,0.10045,1.4162448714875857,0.10045000000000004,0.38,Stage 1,performing,81.16223388,0.038171
AUS-000105,2026-08-31,auto_loan,NSW,A,CURRENT,0,8693.69,0.017314,0.024521,1.4162527434446115,0.02653706980136139,0.38,Stage 1,performing,81.00762954620001,0.00931798
AUS-001955,2026-08-31,credit_card,WA,C,CURRENT,0,986.12,0.093433,0.132324,1.4162447957359818,0.132324,0.62,Stage 1,performing,80.90215258559999,0.08204088
AUS-002643,2026-08-31,auto_loan,NSW,A,CURRENT,0,5527.38,0.027117,0.038404,1.4162333591473983,0.038403999999999994,0.38,Stage 1,performing,80.6639305776,0.014593519999999999
AUS-002754,2026-08-31,personal_loan,VIC,A,CURRENT,0,5152.04,0.017809,0.025222,1.4162502105676906,0.06386221711031603,0.62,Stage 1,performing,80.56574678560001,0.01563764
AUS-001838,2026-08-31,personal_loan,QLD,A,CURRENT,0,3748.81,0.02443,0.034599,1.4162505116659843,0.034599000000000046,0.62,Stage 1,performing,80.41714785779999,0.02145138
AUS-000006,2026-08-31,credit_card,QLD,B,CURRENT,0,1637.4,0.055905,0.079175,1.4162418388337357,0.17507733284612248,0.62,Stage 1,performing,80.3775099,0.0490885
AUS-000051,2026-08-31,personal_loan,QLD,B,CURRENT,0,2885.57,0.031658,0.044836,1.4162612925642808,0.04483599999999999,0.62,Stage 1,performing,80.21399824240001,0.02779832
AUS-002558,2026-08-31,personal_loan,NSW,A,CURRENT,0,4867.66,0.018766,0.026577,1.4162314824682936,0.030937315115640684,0.62,Stage 1,performing,80.2080358884,0.01647774
AUS-002011,2026-08-31,personal_loan,NSW,A,CURRENT,0,5951.94,0.015318,0.021694,1.4162423292858077,0.039412388528011655,0.62,Stage 1,performing,80.0552595432,0.01345028
AUS-001690,2026-08-31,personal_loan,VIC,A,CURRENT,0,4679.66,0.019359,0.027417,1.4162405082907175,0.027417000000000025,0.62,Stage 1,performing,79.5473876964,0.01699854
AUS-002635,2026-08-31,auto_loan,VIC,A,CURRENT,0,9540.7,0.015411,0.021826,1.4162611121925899,0.030778968194173695,0.38,Stage 1,performing,79.129420916,0.00829388
AUS-000896,2026-08-31,credit_card,VIC,D,CURRENT,0,583.6,0.154031,0.218146,1.4162473787744025,0.21814599999999995,0.62,Stage 1,performing,78.93220347200001,0.13525052
AUS-001540,2026-08-31,personal_loan,QLD,B,CURRENT,0,2650.04,0.033839,0.047924,1.4162357043647862,0.04792399999999997,0.62,Stage 1,performing,78.7403205152,0.02971288
AUS-001893,2026-08-31,auto_loan,NSW,A,CURRENT,0,8810.75,0.016602,0.023513,1.4162751475725817,0.031227160312987112,0.38,Stage 1,performing,78.723522605,0.00893494
AUS-001109,2026-08-31,credit_card,NSW,B,CURRENT,0,2267.83,0.039524,0.055976,1.4162534156461897,0.1505875921161417,0.62,Stage 1,performing,78.7053122896,0.03470512
AUS-002255,2026-08-31,credit_card,QLD,B,CURRENT,0,1333.07,0.067185,0.095151,1.4162536280419737,0.14641748814110334,0.62,Stage 1,performing,78.6426250134,0.05899362
AUS-001471,2026-08-31,credit_card,VIC,B,CURRENT,0,2570.33,0.034826,0.049322,1.4162407396772525,0.0691478372616553,0.62,Stage 1,performing,78.59976608119999,0.030579639999999995
AUS-001104,2026-08-31,credit_card,QLD,A,CURRENT,0,5563.35,0.016051,0.022732,1.416235748551492,0.04860038862943683,0.62,Stage 1,performing,78.408964764,0.01409384
AUS-000723,2026-08-31,personal_loan,VIC,C,CURRENT,0,1102.08,0.080879,0.114545,1.416251437332311,0.16679907773060443,0.62,Stage 1,performing,78.26740723199998,0.0710179
AUS-002853,2026-08-31,credit_card,NSW,B,CURRENT,0,2513.06,0.035465,0.050227,1.4162413647257859,0.062384508588075316,0.62,Stage 1,performing,78.2585480644,0.031140740000000004
AUS-000750,2026-08-31,credit_card,NSW,C,CURRENT,0,1031.73,0.086219,0.122108,1.4162539579443045,0.14095758672125136,0.62,Stage 1,performing,78.10914184079999,0.07570695999999999
AUS-002983,2026-08-31,personal_loan,VIC,A,CURRENT,0,5246.73,0.016903,0.023939,1.4162574690883274,0.03569273138521101,0.62,Stage 1,performing,77.87291107139998,0.014842179999999998
AUS-000248,2026-08-31,personal_loan,NSW,A,CURRENT,0,3180.41,0.027806,0.03938,1.4162410990433718,0.11057587668393853,0.62,Stage 1,performing,77.65161839599999,0.0244156
AUS-002382,2026-08-31,personal_loan,WA,A,CURRENT,0,3813.28,0.02318,0.032829,1.4162640207075063,0.09276904682800358,0.62,Stage 1,performing,77.61542485439999,0.020353979999999997
AUS-002537,2026-08-31,auto_loan,NSW,B,CURRENT,0,2187.7,0.065822,0.09322,1.4162438090608003,0.09321999999999997,0.38,Stage 1,performing,77.49620972,0.0354236
AUS-000782,2026-08-31,credit_card,ACT,B,CURRENT,0,1353.7,0.065153,0.092273,1.416250978466072,0.20219713486547497,0.62,Stage 1,performing,77.444175262,0.05720926
AUS-002491,2026-08-31,credit_card,ACT,B,CURRENT,0,1452.91,0.060626,0.085862,1.4162570514300794,0.1453848556289744,0.62,Stage 1,performing,77.34485022039999,0.053234439999999994
AUS-001160,2026-08-31,auto_loan,VIC,B,CURRENT,0,3233.08,0.044437,0.062934,1.4162522222472267,0.06293400000000005,0.38,Stage 1,performing,77.3188495536,0.023914920000000003
AUS-002511,2026-08-31,auto_loan,VIC,A,CURRENT,0,6079.12,0.023608,0.033435,1.4162572009488308,0.03343499999999999,0.38,Stage 1,performing,77.237043336,0.012705300000000001
AUS-002666,2026-08-31,credit_card,VIC,B,CURRENT,0,2140.83,0.041043,0.058127,1.4162463757522596,0.12168543195697978,0.62,Stage 1,performing,77.15281575419999,0.03603874
AUS-000472,2026-08-31,auto_loan,SA,A,CURRENT,0,6600.11,0.021718,0.030758,1.4162445897412284,0.0332780554487786,0.38,Stage 1,performing,77.1423496844,0.01168804
AUS-001010,2026-08-31,auto_loan,WA,A,CURRENT,0,4951.53,0.028944,0.040992,1.4162520729684909,0.04765873722967351,0.38,Stage 1,performing,77.1297847488,0.015576960000000003
AUS-000644,2026-08-31,personal_loan,VIC,A,CURRENT,0,5665.26,0.015498,0.021949,1.4162472577106724,0.0327421741420405,0.62,Stage 1,performing,77.0950108788,0.013608379999999998
AUS-001195,2026-08-31,credit_card,VIC,C,CURRENT,0,1082.16,0.081083,0.114834,1.416252482024592,0.16720696195528006,0.62,Stage 1,performing,77.04663209280001,0.07119708000000001
AUS-000107,2026-08-31,personal_loan,WA,B,CURRENT,0,1716.18,0.051051,0.072301,1.4162504162504164,0.07230099999999995,0.62,Stage 1,performing,76.93054871160001,0.044826620000000005
AUS-000049,2026-08-31,auto_loan,NSW,B,CURRENT,0,4165.09,0.03422,0.048464,1.4162478082992402,0.04846399999999995,0.38,Stage 1,performing,76.70563026880001,0.01841632
AUS-002343,2026-08-31,auto_loan,NSW,C,CURRENT,0,1935.62,0.073587,0.104218,1.4162555886229906,0.10421800000000003,0.38,Stage 1,performing,76.6560491608,0.03960284
AUS-000971,2026-08-31,personal_loan,WA,A,CURRENT,0,4567.95,0.019096,0.027045,1.4162651864264768,0.03809672841168654,0.62,Stage 1,performing,76.594928805,0.0167679
AUS-000770,2026-08-31,auto_loan,WA,A,CURRENT,0,7478.59,0.018989,0.026893,1.4162409816209385,0.04875053136573482,0.38,Stage 1,performing,76.4262539306,0.01021934
AUS-000111,2026-08-31,auto_loan,NSW,A,CURRENT,0,7352.16,0.019294,0.027325,1.4162433917279984,0.060433668797766016,0.38,Stage 1,performing,76.34115336,0.0103835
AUS-000707,2026-08-31,auto_loan,QLD,A,CURRENT,0,5384.63,0.026332,0.037293,1.4162615828649552,0.03729300000000002,0.38,Stage 1,performing,76.30742250419999,0.014171339999999998
AUS-000080,2026-08-31,auto_loan,VIC,A,CURRENT,0,5250.02,0.026955,0.038175,1.4162493043962159,0.03817499999999996,0.38,Stage 1,performing,76.15941513000001,0.014506500000000002
AUS-002395,2026-08-31,auto_loan,NSW,B,CURRENT,0,3225.01,0.043862,0.06212,1.4162600884592587,0.06211999999999995,0.38,Stage 1,performing,76.12829605600001,0.0236056
AUS-001584,2026-08-31,personal_loan,NSW,A,CURRENT,0,4459.52,0.019366,0.027427,1.416244965403284,0.02742699999999998,0.62,Stage 1,performing,75.83297812480001,0.01700474
AUS-001122,2026-08-31,personal_loan,QLD,A,CURRENT,0,4471.88,0.019292,0.027322,1.4162347086875389,0.027321999999999957,0.62,Stage 1,performing,75.7520373232,0.01693964
AUS-001864,2026-08-31,auto_loan,VIC,A,CURRENT,0,6624.57,0.021154,0.029959,1.4162333364848256,0.0373074447447157,0.38,Stage 1,performing,75.4168871994,0.01138442
AUS-001037,2026-08-31,personal_loan,VIC,A,CURRENT,0,4831.03,0.017767,0.025163,1.4162773681544436,0.025163000000000046,0.62,Stage 1,performing,75.3691888918,0.01560106
AUS-001619,2026-08-31,credit_card,VIC,B,CURRENT,0,1848.69,0.046369,0.06567,1.4162479242597426,0.18435555838626305,0.62,Stage 1,performing,75.27015282600001,0.040715400000000006
AUS-000618,2026-08-31,personal_loan,WA,B,CURRENT,0,2169.55,0.039333,0.055705,1.416240815600132,0.055705000000000005,0.62,Stage 1,performing,74.92996530500001,0.0345371
AUS-001272,2026-08-31,personal_loan,QLD,B,CURRENT,0,2317.76,0.036769,0.052074,1.4162473823057466,0.052073999999999954,0.62,Stage 1,performing,74.83092122880001,0.03228588
AUS-000452,2026-08-31,credit_card,NSW,B,CURRENT,0,2429.1,0.035057,0.049649,1.4162364149813162,0.13802413660641977,0.62,Stage 1,performing,74.773479258,0.030782379999999998
AUS-002191,2026-08-31,personal_loan,VIC,B,CURRENT,0,2358.6,0.036087,0.051108,1.4162440768143654,0.06755681270232172,0.62,Stage 1,performing,74.736863856,0.03168696
AUS-000882,2026-08-31,auto_loan,NSW,A,CURRENT,0,8803.82,0.015734,0.022283,1.4162323630354645,0.033237603108984826,0.38,Stage 1,performing,74.5466980028,0.00846754
AUS-002212,2026-08-31,auto_loan,QLD,A,CURRENT,0,4696.83,0.029483,0.041755,1.4162398670420242,0.04854265710175354,0.38,Stage 1,performing,74.524131927,0.0158669
AUS-000178,2026-08-31,credit_card,WA,B,CURRENT,0,2500.91,0.033832,0.047915,1.416262709860487,0.1191290570299911,0.62,Stage 1,performing,74.29528364299999,0.0297073
AUS-001201,2026-08-31,auto_loan,NSW,A,CURRENT,0,8026.68,0.017195,0.024352,1.4162256469904042,0.04222603485697096,0.38,Stage 1,performing,74.2769703168,0.00925376
AUS-000465,2026-08-31,auto_loan,TAS,B,CURRENT,0,4368.66,0.031528,0.044652,1.4162649073839126,0.05908845288491227,0.38,Stage 1,performing,74.12637440159999,0.01696776
AUS-001935,2026-08-31,auto_loan,QLD,A,CURRENT,0,7428.93,0.018465,0.026151,1.4162469536961821,0.038968918092094684,0.38,Stage 1,performing,73.82410040340001,0.00993738
AUS-002827,2026-08-31,auto_loan,VIC,A,CURRENT,0,8340.76,0.01637,0.023184,1.4162492364080637,0.045830502143999974,0.38,Stage 1,performing,73.48142833920001,0.00880992
AUS-002945,2026-08-31,personal_loan,QLD,B,CURRENT,0,2784.98,0.030027,0.042526,1.4162587005028806,0.09314943761958239,0.62,Stage 1,performing,73.4291168776,0.026366119999999996
AUS-001706,2026-08-31,credit_card,VIC,B,CURRENT,0,1931.85,0.043245,0.061246,1.4162562145912823,0.16395413834348738,0.62,Stage 1,performing,73.357212762,0.03797252
AUS-000705,2026-08-31,personal_loan,VIC,A,CURRENT,0,3526.3,0.023684,0.033542,1.4162303664921467,0.047183587759002776,0.62,Stage 1,performing,73.33307585200001,0.020796040000000002
AUS-000682,2026-08-31,personal_loan,WA,A,CURRENT,0,3315.21,0.025179,0.03566,1.4162595813971959,0.035660000000000025,0.62,Stage 1,performing,73.296640932,0.0221092
AUS-000087,2026-08-31,auto_loan,TAS,A,CURRENT,0,8300.52,0.0164,0.023227,1.416280487804878,0.030848821012699257,0.38,Stage 1,performing,73.26254765520001,0.00882626
AUS-000887,2026-08-31,personal_loan,QLD,A,CURRENT,0,3243.29,0.025672,0.036358,1.4162511685883452,0.06275634165139421,0.62,Stage 1,performing,73.1101134484,0.02254196
AUS-002403,2026-08-31,auto_loan,NSW,A,CURRENT,0,6031.95,0.022505,0.031873,1.4162630526549655,0.03448277373098596,0.38,Stage 1,performing,73.05741009299999,0.012111739999999998
AUS-000022,2026-08-31,personal_loan,TAS,A,CURRENT,0,4955.32,0.016733,0.023698,1.4162433514611843,0.03340564706848015,0.62,Stage 1,performing,72.8073274832,0.014692760000000001
AUS-000646,2026-08-31,credit_card,NSW,A,CURRENT,0,3330.25,0.024872,0.035225,1.4162512061756192,0.09930872987823425,0.62,Stage 1,performing,72.730994875,0.021839499999999998
AUS-000492,2026-08-31,auto_loan,NSW,B,CURRENT,0,4048.47,0.033368,0.047257,1.4162371134020617,0.04725699999999999,0.38,Stage 1,performing,72.7010477802,0.01795766
AUS-000363,2026-08-31,personal_loan,NSW,C,CURRENT,0,709.23,0.116713,0.165295,1.4162518314155235,0.16529499999999997,0.62,Stage 1,performing,72.683947167,0.1024829
AUS-001087,2026-08-31,auto_loan,VIC,A,CURRENT,0,8143.54,0.016581,0.023483,1.416259574211447,0.02348300000000003,0.38,Stage 1,performing,72.6692049316,0.00892354
AUS-002134,2026-08-31,credit_card,VIC,C,CURRENT,0,822.08,0.100256,0.141988,1.4162543887647623,0.34369344014175185,0.62,Stage 1,performing,72.3698069248,0.08803256
AUS-002414,2026-08-31,auto_loan,QLD,A,CURRENT,0,6087.43,0.022041,0.031216,1.4162696792341545,0.05148341437138226,0.38,Stage 1,performing,72.20958165440001,0.01186208
AUS-002642,2026-08-31,auto_loan,VIC,A,CURRENT,0,5341.34,0.025095,0.035541,1.4162582187686792,0.06981883731900007,0.38,Stage 1,performing,72.13789467720001,0.013505580000000001
AUS-002995,2026-08-31,auto_loan,QLD,B,CURRENT,0,3923.74,0.03412,0.048322,1.4162368112543962,0.048321999999999976,0.38,Stage 1,performing,72.0491264264,0.018362359999999998
AUS-001098,2026-08-31,credit_card,QLD,C,CURRENT,0,683.15,0.11968,0.169497,1.4162516711229949,0.243146526585447,0.62,Stage 1,performing,71.79096284100001,0.10508814000000002
AUS-000215,2026-08-31,auto_loan,NSW,A,CURRENT,0,8654.06,0.015391,0.021798,1.4162822428692095,0.03606538218219191,0.38,Stage 1,performing,71.6836559544,0.00828324
AUS-002994,2026-08-31,auto_loan,NSW,A,CURRENT,0,5300.19,0.024831,0.035167,1.4162538762031331,0.03516699999999995,0.38,Stage 1,performing,70.82887705739999,0.013363459999999999
AUS-000755,2026-08-31,auto_loan,NSW,A,CURRENT,0,7798.83,0.016875,0.023899,1.416237037037037,0.05106024438501511,0.38,Stage 1,performing,70.8260105046,0.00908162
AUS-002799,2026-08-31,auto_loan,SA,A,CURRENT,0,8411.1,0.015626,0.02213,1.4162293613208754,0.03481230280038872,0.38,Stage 1,performing,70.73230434000001,0.008409400000000001
AUS-002286,2026-08-31,personal_loan,QLD,B,CURRENT,0,1689.24,0.047674,0.067518,1.416243654822335,0.07293433801728666,0.62,Stage 1,performing,70.71354591839999,0.041861159999999994
AUS-002240,2026-08-31,auto_loan,NSW,B,CURRENT,0,2776.79,0.047268,0.066943,1.4162435474316664,0.06694299999999997,0.38,Stage 1,performing,70.6369281286,0.02543834
AUS-001207,2026-08-31,auto_loan,WA,A,CURRENT,0,5531.56,0.023614,0.033443,1.4162361311086644,0.033443,0.38,Stage 1,performing,70.29694521040001,0.01270834
AUS-002937,2026-08-31,personal_loan,SA,B,CURRENT,0,2495.31,0.032036,0.045371,1.4162504682232488,0.049057680068305576,0.62,Stage 1,performing,70.1931202062,0.028130020000000002
AUS-001762,2026-08-31,personal_loan,SA,B,CURRENT,0,1152.77,0.069303,0.09815,1.4162446070155692,0.09814999999999996,0.62,Stage 1,performing,70.14951280999999,0.06085299999999999
AUS-002463,2026-08-31,personal_loan,VIC,B,CURRENT,0,1847.92,0.043042,0.060958,1.4162445982993357,0.06095799999999996,0.62,Stage 1,performing,69.8402145632,0.03779396
AUS-000994,2026-08-31,personal_loan,QLD,A,CURRENT,0,2648.57,0.029934,0.042394,1.4162490813122204,0.04239400000000004,0.62,Stage 1,performing,69.61575547960001,0.026284280000000004
AUS-000195,2026-08-31,personal_loan,QLD,B,CURRENT,0,1784.06,0.044377,0.062849,1.4162516618969287,0.06284900000000004,0.62,Stage 1,performing,69.5183599028,0.03896638
AUS-000253,2026-08-31,auto_loan,NSW,B,CURRENT,0,3530.0,0.036556,0.051772,1.4162381004486269,0.06013623887995079,0.38,Stage 1,performing,69.4469608,0.01967336
AUS-002987,2026-08-31,personal_loan,VIC,A,CURRENT,0,3237.78,0.02439,0.034542,1.4162361623616238,0.03454199999999996,0.62,Stage 1,performing,69.34042599120001,0.02141604
AUS-001758,2026-08-31,credit_card,QLD,B,CURRENT,0,1676.03,0.047076,0.066671,1.4162418217350665,0.07734242078758746,0.62,Stage 1,performing,69.2804096006,0.04133602
AUS-001944,2026-08-31,personal_loan,QLD,B,CURRENT,0,2206.21,0.035739,0.050615,1.416239961946333,0.050614999999999966,0.62,Stage 1,performing,69.23373787300001,0.0313813
AUS-001565,2026-08-31,auto_loan,SA,A,CURRENT,0,8199.25,0.015669,0.022191,1.4162358797625887,0.03129127896816852,0.38,Stage 1,performing,69.140831565,0.00843258
AUS-001515,2026-08-31,credit_card,QLD,B,CURRENT,0,1421.91,0.055009,0.077906,1.416240978748932,0.1264415007650752,0.62,Stage 1,performing,68.6806986852,0.04830172
AUS-001628,2026-08-31,personal_loan,NSW,A,CURRENT,0,3935.35,0.019866,0.028135,1.4162387999597301,0.055478421775000064,0.62,Stage 1,performing,68.64706479499999,0.0174437
AUS-000851,2026-08-31,personal_loan,QLD,A,CURRENT,0,2865.87,0.027169,0.038478,1.4162464573594906,0.04786389942945213,0.62,Stage 1,performing,68.3692264332,0.02385636
AUS-001487,2026-08-31,credit_card,NSW,A,CURRENT,0,4823.5,0.01606,0.022745,1.4162515566625156,0.06310902988610234,0.62,Stage 1,performing,68.02051465,0.014101899999999999
AUS-001314,2026-08-31,personal_loan,VIC,A,CURRENT,0,2856.52,0.027022,0.03827,1.4162534231367032,0.04139226900387871,0.62,Stage 1,performing,67.777792648,0.0237274
AUS-002041,2026-08-31,personal_loan,NSW,A,CURRENT,0,4274.29,0.017998,0.02549,1.4162684742749194,0.025490000000000013,0.62,Stage 1,performing,67.550024302,0.0158038
AUS-002660,2026-08-31,personal_loan,NSW,A,CURRENT,0,3124.33,0.024566,0.034792,1.41626638443377,0.034792000000000045,0.62,Stage 1,performing,67.39504740319998,0.021571039999999996
AUS-000333,2026-08-31,auto_loan,WA,C,CURRENT,0,1497.95,0.083578,0.118367,1.4162459020316351,0.118367,0.38,Stage 1,performing,67.376982107,0.04497946
AUS-002633,2026-08-31,credit_card,VIC,B,CURRENT,0,1912.08,0.040115,0.056813,1.4162532718434502,0.09729434960692085,0.62,Stage 1,performing,67.3512206448,0.03522406
AUS-002834,2026-08-31,credit_card,QLD,C,CURRENT,0,580.96,0.13092,0.185415,1.4162465627864342,0.185415,0.62,Stage 1,performing,66.785593008,0.1149573
AUS-002997,2026-08-31,auto_loan,VIC,A,CURRENT,0,7977.66,0.015548,0.02202,1.4162593259583227,0.04177878392743373,0.38,Stage 1,performing,66.75386781600001,0.008367600000000001
AUS-001929,2026-08-31,personal_loan,VIC,B,CURRENT,0,2274.12,0.033396,0.047297,1.4162474547850041,0.04729700000000003,0.62,Stage 1,performing,66.68661325679999,0.029324139999999995
AUS-002886,2026-08-31,personal_loan,TAS,C,CURRENT,0,618.68,0.122678,0.173743,1.416252302776374,0.17374299999999998,0.62,Stage 1,performing,66.6446179288,0.10772066000000001
AUS-001753,2026-08-31,credit_card,NSW,B,CURRENT,0,1646.31,0.045983,0.065123,1.416240784637801,0.1549426405077723,0.62,Stage 1,performing,66.47184060059999,0.04037626
AUS-001245,2026-08-31,personal_loan,VIC,A,CURRENT,0,4702.54,0.016078,0.02277,1.4162209230003733,0.05050478691052884,0.62,Stage 1,performing,66.387638196,0.0141174
AUS-000057,2026-08-31,auto_loan,VIC,A,CURRENT,0,6507.12,0.018944,0.026829,1.4162267736486487,0.026828999999999992,0.38,Stage 1,performing,66.3402185424,0.010195019999999999
AUS-002044,2026-08-31,credit_card,NSW,B,CURRENT,0,1755.99,0.04297,0.060856,1.4162438910868047,0.1133816936355968,0.62,Stage 1,performing,66.2547670128,0.03773072
AUS-001254,2026-08-31,auto_loan,QLD,B,CURRENT,0,2607.88,0.047089,0.06669,1.4162543269128671,0.06669000000000003,0.38,Stage 1,performing,66.089416536,0.0253422
AUS-000627,2026-08-31,auto_loan,SA,B,CURRENT,0,3872.74,0.031689,0.04488,1.416264318848812,0.04488000000000003,0.38,Stage 1,performing,66.047257056,0.017054400000000004
AUS-001665,2026-08-31,credit_card,VIC,A,CURRENT,0,2972.53,0.025284,0.035808,1.4162316089226388,0.100895279777247,0.62,Stage 1,performing,65.9930196288,0.02220096
AUS-000085,2026-08-31,personal_loan,NSW,A,CURRENT,0,3043.54,0.024543,0.034759,1.4162490323106385,0.034758999999999984,0.62,Stage 1,performing,65.5900522532,0.02155058
AUS-002751,2026-08-31,personal_loan,VIC,A,CURRENT,0,4360.25,0.017114,0.024238,1.4162673834287716,0.03810461026747103,0.62,Stage 1,performing,65.52391849,0.01502756
AUS-001760,2026-08-31,credit_card,NT,B,CURRENT,0,2369.7,0.031428,0.04451,1.4162530227822325,0.10419560973698627,0.62,Stage 1,performing,65.39471514,0.027596200000000005
AUS-001212,2026-08-31,credit_card,VIC,C,CURRENT,0,753.79,0.098602,0.139645,1.4162491633029757,0.13964500000000002,0.62,Stage 1,performing,65.26306282099999,0.08657989999999999
AUS-001374,2026-08-31,credit_card,QLD,B,CURRENT,0,2109.77,0.035183,0.049828,1.41625216723986,0.10483142454412264,0.62,Stage 1,performing,65.1778841272,0.03089336
AUS-000819,2026-08-31,auto_loan,TAS,B,CURRENT,0,3123.96,0.038694,0.0548,1.4162402439654727,0.05479999999999996,0.38,Stage 1,performing,65.05334304,0.020824
AUS-002943,2026-08-31,credit_card,NSW,A,CURRENT,0,4390.94,0.016822,0.023824,1.4162406372607301,0.06791174799983024,0.62,Stage 1,performing,64.8580478272,0.01477088
AUS-001308,2026-08-31,auto_loan,VIC,A,CURRENT,0,6440.82,0.01862,0.026371,1.4162728249194414,0.026371000000000033,0.38,Stage 1,performing,64.54332840359999,0.010020979999999999
AUS-000735,2026-08-31,personal_loan,NSW,A,CURRENT,0,2471.3,0.029683,0.042039,1.4162652023043492,0.04203900000000005,0.62,Stage 1,performing,64.41240803400001,0.026064180000000003
AUS-000265,2026-08-31,credit_card,NSW,B,CURRENT,0,1804.91,0.040638,0.057554,1.4162606427481668,0.1291732199490372,0.62,Stage 1,performing,64.4054698868,0.035683480000000004
AUS-002980,2026-08-31,credit_card,ACT,B,CURRENT,0,2370.57,0.030913,0.043781,1.4162650017791867,0.08905004562666963,0.62,Stage 1,performing,64.3472736054,0.02714422
AUS-001334,2026-08-31,credit_card,VIC,B,CURRENT,0,1391.58,0.052463,0.074301,1.4162552656157674,0.1702090953202281,0.62,Stage 1,performing,64.1053870596,0.04606662000000001
AUS-002612,2026-08-31,credit_card,TAS,A,CURRENT,0,2439.22,0.029881,0.042319,1.4162511294802718,0.11848939541774828,0.62,Stage 1,performing,63.9997177316,0.026237780000000002
AUS-002365,2026-08-31,auto_loan,VIC,A,CURRENT,0,4259.63,0.027889,0.039498,1.4162573057477859,0.03949800000000003,0.38,Stage 1,performing,63.9338089812,0.01500924
AUS-002071,2026-08-31,credit_card,NSW,A,CURRENT,0,2754.78,0.026393,0.037379,1.4162467320880539,0.09372581985145567,0.62,Stage 1,performing,63.841971404400006,0.02317498
AUS-001173,2026-08-31,personal_loan,WA,B,CURRENT,0,2019.99,0.035867,0.050797,1.416260071932417,0.08321991582165678,0.62,Stage 1,performing,63.61784785860001,0.031494140000000004
AUS-002444,2026-08-31,auto_loan,NSW,B,CURRENT,0,1908.6,0.061934,0.087714,1.4162495559789452,0.08771399999999996,0.38,Stage 1,performing,63.616157351999995,0.03333132
AUS-000785,2026-08-31,credit_card,QLD,B,CURRENT,0,1388.78,0.05189,0.073489,1.4162459047986125,0.0967649685017884,0.62,Stage 1,performing,63.2772331204,0.04556318
AUS-002379,2026-08-31,personal_loan,NSW,A,CURRENT,0,4111.64,0.017414,0.024663,1.4162742620879754,0.02466299999999999,0.62,Stage 1,performing,62.87133393840001,0.01529106
AUS-001384,2026-08-31,credit_card,VIC,A,CURRENT,0,2920.39,0.02448,0.03467,1.4162581699346406,0.0844343133618145,0.62,Stage 1,performing,62.77495120599999,0.021495399999999998
AUS-002067,2026-08-31,auto_loan,WA,A,CURRENT,0,6475.45,0.017992,0.025481,1.4162405513561582,0.025480999999999976,0.38,Stage 1,performing,62.700357751,0.00968278
AUS-001939,2026-08-31,personal_loan,VIC,B,CURRENT,0,1136.92,0.062767,0.088894,1.4162537639205315,0.08889400000000003,0.62,Stage 1,performing,62.660527217600006,0.05511428
AUS-000131,2026-08-31,personal_loan,VIC,A,CURRENT,0,4290.51,0.016598,0.023507,1.4162549704783707,0.023506999999999945,0.62,Stage 1,performing,62.531351513400004,0.01457434
AUS-000901,2026-08-31,auto_loan,ACT,B,CURRENT,0,1835.14,0.063158,0.089448,1.4162576395706006,0.08944799999999997,0.38,Stage 1,performing,62.3768490336,0.03399024
AUS-002678,2026-08-31,credit_card,VIC,A,CURRENT,0,3877.04,0.01824,0.025832,1.4162280701754386,0.07147000994027042,0.62,Stage 1,performing,62.0940523136,0.01601584
AUS-000662,2026-08-31,credit_card,NSW,B,CURRENT,0,1166.54,0.060427,0.08558,1.4162543233984808,0.1385246395042956,0.62,Stage 1,performing,61.896145784,0.0530596
AUS-000238,2026-08-31,auto_loan,VIC,A,CURRENT,0,6826.98,0.016834,0.023841,1.4162409409528338,0.023841,0.38,Stage 1,performing,61.8495714684,0.009059580000000001
AUS-000795,2026-08-31,personal_loan,VIC,B,CURRENT,0,1842.28,0.038209,0.054113,1.4162370122222514,0.05411299999999997,0.62,Stage 1,performing,61.8086045368,0.03355006
AUS-000104,2026-08-31,credit_card,NSW,B,CURRENT,0,1350.76,0.052087,0.073768,1.4162458962889013,0.10858554598236458,0.62,Stage 1,performing,61.778575481599994,0.04573616
AUS-001365,2026-08-31,auto_loan,WA,A,CURRENT,0,7300.83,0.015652,0.022167,1.416240736008178,0.0330655475485071,0.38,Stage 1,performing,61.498249471799994,0.008423459999999999
AUS-000249,2026-08-31,personal_loan,VIC,B,CURRENT,0,2279.87,0.030712,0.043496,1.416254232873144,0.04349599999999998,0.62,Stage 1,performing,61.482439822399996,0.02696752
AUS-002445,2026-08-31,auto_loan,NSW,A,CURRENT,0,4336.46,0.026315,0.037269,1.4162644879346378,0.037269,0.38,Stage 1,performing,61.4139005412,0.01416222
AUS-001670,2026-08-31,credit_card,VIC,B,CURRENT,0,2019.94,0.034522,0.048892,1.4162563003302242,0.11409170716150052,0.62,Stage 1,performing,61.2305220176,0.03031304
AUS-001268,2026-08-31,credit_card,NSW,B,CURRENT,0,1384.8,0.050252,0.071169,1.4162421396163336,0.16340802227434448,0.62,Stage 1,performing,61.10399534399999,0.044124779999999995
AUS-001489,2026-08-31,credit_card,NSW,A,CURRENT,0,2608.11,0.026647,0.037739,1.4162569895297783,0.07701740990965822,0.62,Stage 1,performing,61.0250272398,0.02339818
AUS-001095,2026-08-31,auto_loan,QLD,A,CURRENT,0,5080.13,0.022309,0.031595,1.4162445649737774,0.03159500000000004,0.38,Stage 1,performing,60.992548793,0.012006099999999999
AUS-002904,2026-08-31,credit_card,VIC,B,CURRENT,0,2120.09,0.032724,0.046345,1.4162388461068327,0.07238119827163092,0.62,Stage 1,performing,60.918454051000005,0.0287339
AUS-000261,2026-08-31,personal_loan,NSW,B,CURRENT,0,1471.02,0.047135,0.066755,1.4162511933807147,0.06675500000000001,0.62,Stage 1,performing,60.882722861999994,0.0413881
AUS-002077,2026-08-31,credit_card,WA,A,CURRENT,0,2844.62,0.024334,0.034463,1.4162488698939755,0.09459002298214347,0.62,Stage 1,performing,60.781166217199996,0.02136706
AUS-001170,2026-08-31,personal_loan,NSW,A,CURRENT,0,2779.16,0.024854,0.035199,1.4162307878007565,0.03519899999999998,0.62,Stage 1,performing,60.6506647608,0.02182338
AUS-002404,2026-08-31,credit_card,VIC,B,CURRENT,0,1765.35,0.039006,0.055242,1.416243654822335,0.07734893864895354,0.62,Stage 1,performing,60.463308114,0.03425004
AUS-002360,2026-08-31,personal_loan,NSW,A,CURRENT,0,2421.93,0.028358,0.040162,1.4162493828901899,0.0692213897953533,0.62,Stage 1,performing,60.307122649200004,0.024900440000000003
AUS-002184,2026-08-31,personal_loan,NSW,A,CURRENT,0,3738.55,0.018344,0.02598,1.4162668992586132,0.028114288123362696,0.62,Stage 1,performing,60.21906798,0.0161076
AUS-001146,2026-08-31,personal_loan,NSW,A,CURRENT,0,4357.94,0.015699,0.022234,1.4162685521370788,0.022233999999999976,0.62,Stage 1,performing,60.074551535199994,0.01378508
AUS-002901,2026-08-31,personal_loan,QLD,A,CURRENT,0,2879.2,0.023747,0.033632,1.4162631069187688,0.03912632066591559,0.62,Stage 1,performing,60.036617727999996,0.02085184
AUS-000318,2026-08-31,auto_loan,NSW,A,CURRENT,0,6386.92,0.017425,0.024678,1.4162410329985653,0.024677999999999978,0.38,Stage 1,performing,59.894236468799996,0.00937764
AUS-002607,2026-08-31,auto_loan,VIC,A,CURRENT,0,7274.88,0.015267,0.021622,1.4162572869588,0.02162200000000003,0.38,Stage 1,performing,59.773033036799994,0.008216359999999999
AUS-002165,2026-08-31,credit_card,WA,A,CURRENT,0,2590.14,0.026274,0.037211,1.4162670320468906,0.037210999999999994,0.62,Stage 1,performing,59.756653714799995,0.02307082
AUS-001260,2026-08-31,credit_card,NSW,A,CURRENT,0,3361.56,0.020199,0.028607,1.4162582306054754,0.08116965870703807,0.62,Stage 1,performing,59.621771090399996,0.01773634
AUS-000678,2026-08-31,auto_loan,NSW,B,CURRENT,0,2916.88,0.037919,0.053703,1.4162557029457528,0.0752189832045288,0.38,Stage 1,performing,59.525178523200005,0.02040714
AUS-000630,2026-08-31,credit_card,NSW,C,CURRENT,0,593.29,0.113343,0.160522,1.416249790459049,0.20808404628381938,0.62,Stage 1,performing,59.046380375599995,0.09952364
AUS-001819,2026-08-31,auto_loan,WA,A,CURRENT,0,4047.52,0.027045,0.038302,1.4162322055832872,0.03830200000000006,0.38,Stage 1,performing,58.9106821952,0.014554760000000002
AUS-000320,2026-08-31,credit_card,NSW,C,CURRENT,0,660.79,0.101476,0.143715,1.4162462059994483,0.21780980822566554,0.62,Stage 1,performing,58.878569607,0.08910330000000001
AUS-001163,2026-08-31,credit_card,NSW,C,CURRENT,0,766.8,0.087373,0.123742,1.416249871241688,0.24889153248212703,0.62,Stage 1,performing,58.828926672,0.07672004
AUS-001463,2026-08-31,personal_loan,WA,A,CURRENT,0,2435.04,0.027499,0.038945,1.4162333175751847,0.03894500000000001,0.62,Stage 1,performing,58.796232336,0.0241459
AUS-002380,2026-08-31,auto_loan,VIC,A,CURRENT,0,5866.13,0.018603,0.026346,1.4162231898080955,0.02634599999999998,0.38,Stage 1,performing,58.72864317240001,0.010011480000000001
AUS-000209,2026-08-31,personal_loan,SA,B,CURRENT,0,1325.97,0.050428,0.071419,1.4162568414372967,0.07141900000000001,0.62,Stage 1,performing,58.7136598866,0.04427978
AUS-001988,2026-08-31,auto_loan,NSW,A,CURRENT,0,6081.45,0.017898,0.025348,1.4162476254330092,0.02950975431311309,0.38,Stage 1,performing,58.577985948,0.00963224
AUS-002820,2026-08-31,credit_card,VIC,B,CURRENT,0,1684.39,0.03952,0.05597,1.416244939271255,0.06498891046076283,0.62,Stage 1,performing,58.450691146000004,0.0347014
AUS-002712,2026-08-31,personal_loan,VIC,B,CURRENT,0,1529.95,0.043295,0.061317,1.4162605381683797,0.061316999999999955,0.62,Stage 1,performing,58.163405373,0.03801654
AUS-002683,2026-08-31,personal_loan,QLD,A,CURRENT,0,2894.1,0.022815,0.032312,1.4162612316458472,0.03231200000000001,0.62,Stage 1,performing,57.978778704,0.02003344
AUS-001649,2026-08-31,credit_card,NSW,B,CURRENT,0,1880.81,0.035055,0.049647,1.4162601626016258,0.07353839654325822,0.62,Stage 1,performing,57.8934759234,0.03078114
AUS-002948,2026-08-31,auto_loan,NSW,A,CURRENT,0,5847.59,0.018373,0.026021,1.4162629946116583,0.028158607385789902,0.38,Stage 1,performing,57.8208529682,0.00988798
AUS-001376,2026-08-31,personal_loan,WA,A,CURRENT,0,2826.31,0.023247,0.032924,1.416268765862262,0.05953108957422759,0.62,Stage 1,performing,57.6931268728,0.02041288
AUS-000916,2026-08-31,credit_card,VIC,A,CURRENT,0,3429.04,0.019158,0.027133,1.4162751853011797,0.06859591884302285,0.62,Stage 1,performing,57.6848882384,0.01682246
AUS-000801,2026-08-31,auto_loan,NSW,A,CURRENT,0,4201.37,0.025509,0.036127,1.4162452467756477,0.03907800802002537,0.38,Stage 1,performing,57.677499716199996,0.013728259999999999
AUS-000815,2026-08-31,personal_loan,NSW,A,CURRENT,0,4364.2,0.015048,0.021312,1.4162679425837321,0.052431405571485845,0.62,Stage 1,performing,57.666094848,0.01321344
AUS-001983,2026-08-31,credit_card,QLD,C,CURRENT,0,523.08,0.125492,0.177728,1.4162496414114047,0.177728,0.62,Stage 1,performing,57.63889658880001,0.11019136
AUS-000958,2026-08-31,auto_loan,VIC,A,CURRENT,0,5532.58,0.019253,0.027267,1.4162468186776087,0.03396677830437933,0.38,Stage 1,performing,57.325606366799995,0.01036146
AUS-002101,2026-08-31,auto_loan,QLD,B,CURRENT,0,1910.14,0.055721,0.078915,1.4162524003517525,0.07891499999999996,0.38,Stage 1,performing,57.280705278,0.0299877
AUS-002126,2026-08-31,personal_loan,QLD,B,CURRENT,0,1329.46,0.048992,0.069385,1.4162516329196604,0.0749450052846723,0.62,Stage 1,performing,57.191640902,0.0430187
AUS-001683,2026-08-31,auto_loan,NSW,A,CURRENT,0,5463.3,0.019424,0.027509,1.416237644151565,0.0297669670667029,0.38,Stage 1,performing,57.110169486000004,0.01045342
AUS-000867,2026-08-31,credit_card,VIC,B,CURRENT,0,1734.99,0.037474,0.053073,1.4162619416128517,0.10739487765667932,0.62,Stage 1,performing,57.0902970474,0.03290526
AUS-002716,2026-08-31,personal_loan,QLD,B,CURRENT,0,2144.25,0.030319,0.042939,1.4162406411820971,0.07392889518942525,0.62,Stage 1,performing,57.084609465,0.02662218
AUS-000870,2026-08-31,personal_loan,NSW,A,CURRENT,0,2413.16,0.026924,0.038131,1.4162457287178725,0.038131000000000026,0.62,Stage 1,performing,57.05004645519999,0.023641219999999998
AUS-000570,2026-08-31,auto_loan,NSW,A,CURRENT,0,5464.25,0.019385,0.027454,1.4162496775857623,0.02745399999999998,0.38,Stage 1,performing,57.00589741,0.01043252
AUS-001738,2026-08-31,personal_loan,NSW,C,CURRENT,0,802.63,0.080753,0.114366,1.4162445977239235,0.11436599999999997,0.62,Stage 1,performing,56.9120211996,0.07090692
AUS-001367,2026-08-31,personal_loan,NSW,A,CURRENT,0,3075.23,0.020937,0.029652,1.416248746238716,0.02965200000000001,0.62,Stage 1,performing,56.5357663752,0.01838424
AUS-000077,2026-08-31,personal_loan,ACT,B,CURRENT,0,2056.86,0.031272,0.044289,1.4162509593246355,0.055051302300051175,0.62,Stage 1,performing,56.479688974800005,0.02745918
AUS-001303,2026-08-31,auto_loan,NSW,A,CURRENT,0,4596.39,0.022831,0.032334,1.4162323157110945,0.032333999999999974,0.38,Stage 1,performing,56.47547621880001,0.012286920000000002
AUS-000993,2026-08-31,auto_loan,NSW,A,CURRENT,0,4331.86,0.02417,0.034231,1.4162598262308645,0.03423100000000001,0.38,Stage 1,performing,56.347881870799995,0.01300778
AUS-002543,2026-08-31,personal_loan,QLD,A,CURRENT,0,3492.4,0.018304,0.025923,1.4162478146853148,0.03863139978414398,0.62,Stage 1,performing,56.130760824000006,0.01607226
AUS-001755,2026-08-31,personal_loan,SA,A,CURRENT,0,2269.35,0.028163,0.039886,1.4162553705216063,0.03988599999999998,0.62,Stage 1,performing,56.119482342,0.02472932
AUS-001485,2026-08-31,auto_loan,VIC,A,CURRENT,0,3541.67,0.029272,0.041456,1.4162339437004647,0.04145600000000005,0.38,Stage 1,performing,55.792919177600005,0.01575328
AUS-000420,2026-08-31,credit_card,NSW,A,CURRENT,0,3247.98,0.019337,0.027386,1.4162486424988365,0.06706520382116288,0.62,Stage 1,performing,55.1484917736,0.01697932
AUS-000625,2026-08-31,credit_card,QLD,A,CURRENT,0,3077.92,0.020355,0.028828,1.416261360845001,0.07729171547091851,0.62,Stage 1,performing,55.012772211199994,0.017873359999999998
AUS-001867,2026-08-31,credit_card,NSW,B,CURRENT,0,1736.99,0.035871,0.050802,1.4162415321568955,0.1222071557285187,0.62,Stage 1,performing,54.71039090760001,0.03149724
AUS-002133,2026-08-31,credit_card,VIC,B,CURRENT,0,1595.72,0.039032,0.055279,1.4162482065997133,0.08610286034082637,0.62,Stage 1,performing,54.6900796456,0.03427298
AUS-002157,2026-08-31,personal_loan,QLD,A,CURRENT,0,3185.52,0.019535,0.027666,1.4162272843614025,0.03446206772394278,0.62,Stage 1,performing,54.640969718399994,0.01715292
AUS-002238,2026-08-31,personal_loan,VIC,B,CURRENT,0,1422.63,0.04369,0.061876,1.4162508583199818,0.06187600000000004,0.62,Stage 1,performing,54.5765254056,0.03836312
AUS-000202,2026-08-31,credit_card,WA,B,CURRENT,0,1196.22,0.051734,0.073268,1.4162446360227317,0.13020689828093834,0.62,Stage 1,performing,54.3396811152,0.04542616
AUS-001766,2026-08-31,personal_loan,SA,B,CURRENT,0,1601.24,0.038633,0.054714,1.4162503559133384,0.05471400000000004,0.62,Stage 1,performing,54.31835212319999,0.03392268
AUS-001695,2026-08-31,auto_loan,QLD,C,CURRENT,0,1439.44,0.070096,0.099273,1.4162434375713306,0.09927299999999994,0.38,Stage 1,performing,54.301060305600004,0.03772374
AUS-002503,2026-08-31,credit_card,QLD,B,CURRENT,0,1692.68,0.036461,0.051638,1.4162529826389842,0.13567137627353754,0.62,Stage 1,performing,54.1920981008,0.03201556
AUS-001446,2026-08-31,auto_loan,NSW,A,CURRENT,0,4238.75,0.023623,0.033456,1.4162468780425854,0.044357390287855014,0.38,Stage 1,performing,53.8884156,0.01271328
AUS-002459,2026-08-31,personal_loan,VIC,B,CURRENT,0,1419.76,0.043222,0.061213,1.4162463560223961,0.0710444975623804,0.62,Stage 1,performing,53.88281670559999,0.037952059999999996
AUS-001832,2026-08-31,credit_card,NSW,A,CURRENT,0,4063.05,0.015071,0.021344,1.4162298453984472,0.05421084563318379,0.62,Stage 1,performing,53.767478303999994,0.013233279999999998
AUS-001459,2026-08-31,credit_card,NSW,A,CURRENT,0,3656.36,0.01674,0.023708,1.416248506571087,0.05255415868387392,0.62,Stage 1,performing,53.744689385600005,0.01469896
AUS-000732,2026-08-31,personal_loan,QLD,A,CURRENT,0,2310.02,0.026494,0.037522,1.416245187589643,0.037522000000000055,0.62,Stage 1,performing,53.739473672799996,0.02326364
AUS-000736,2026-08-31,auto_loan,QLD,A,CURRENT,0,4968.01,0.020071,0.028426,1.4162722335708238,0.02842599999999995,0.38,Stage 1,performing,53.663847858800004,0.01080188
AUS-002202,2026-08-31,credit_card,WA,B,CURRENT,0,1697.8,0.035829,0.050743,1.416254988975411,0.12587238926117317,0.62,Stage 1,performing,53.413908548,0.03146066
AUS-001635,2026-08-31,credit_card,QLD,A,CURRENT,0,2512.64,0.024176,0.034239,1.4162392455327597,0.08871874727557394,0.62,Stage 1,performing,53.338774195199996,0.02122818
AUS-001572,2026-08-31,auto_loan,WA,C,CURRENT,0,1054.11,0.093523,0.132452,1.4162505479935417,0.13245200000000001,0.38,Stage 1,performing,53.055211533599994,0.050331759999999996
AUS-002211,2026-08-31,credit_card,NSW,B,CURRENT,0,1362.56,0.044324,0.062774,1.4162530457539932,0.062774,0.62,Stage 1,performing,53.03067169279999,0.03891988
AUS-002045,2026-08-31,credit_card,NSW,A,CURRENT,0,2846.32,0.021211,0.03004,1.4162462873037576,0.07341650039504477,0.62,Stage 1,performing,53.012140736000006,0.0186248
AUS-001556,2026-08-31,auto_loan,NSW,A,CURRENT,0,6527.69,0.015075,0.02135,1.4162520729684909,0.023108455729594968,0.38,Stage 1,performing,52.95914897,0.008113
AUS-000054,2026-08-31,auto_loan,NSW,D,CURRENT,0,554.18,0.177502,0.251387,1.4162488309990875,0.251387,0.38,Stage 1,performing,52.9391861108,0.09552706000000001
AUS-002588,2026-08-31,personal_loan,WA,A,CURRENT,0,3200.88,0.018821,0.026655,1.416237181871314,0.026654999999999984,0.62,Stage 1,performing,52.898062968000005,0.016526100000000002
AUS-001032,2026-08-31,auto_loan,NSW,A,CURRENT,0,5468.36,0.017951,0.025423,1.4162442203776948,0.025422999999999973,0.38,Stage 1,performing,52.8284041864,0.009660740000000001
AUS-002106,2026-08-31,auto_loan,VIC,A,CURRENT,0,3490.93,0.027999,0.039654,1.4162648666023787,0.03965399999999997,0.38,Stage 1,performing,52.6031485236,0.01506852
AUS-001835,2026-08-31,personal_loan,VIC,A,CURRENT,0,3882.5,0.015415,0.021831,1.4162179695102173,0.021831000000000045,0.62,Stage 1,performing,52.550491650000005,0.01353522
AUS-000825,2026-08-31,credit_card,TAS,B,CURRENT,0,1334.2,0.044725,0.063342,1.4162548910005588,0.17375016369426732,0.62,Stage 1,performing,52.39675576799999,0.039272039999999994
AUS-002198,2026-08-31,auto_loan,VIC,A,CURRENT,0,3888.37,0.024975,0.035371,1.4162562562562562,0.03537100000000004,0.38,Stage 1,performing,52.2635034026,0.01344098
AUS-000541,2026-08-31,credit_card,VIC,B,CURRENT,0,1854.39,0.032069,0.045418,1.4162586921949547,0.07454479692939064,0.62,Stage 1,performing,52.2180647124,0.02815916
AUS-000677,2026-08-31,credit_card,VIC,B,CURRENT,0,1453.8,0.040807,0.057793,1.4162521136079593,0.09893510263509664,0.62,Stage 1,performing,52.092067308,0.03583166
AUS-001987,2026-08-31,personal_loan,QLD,B,CURRENT,0,995.08,0.059614,0.084428,1.4162445063240179,0.08442799999999995,0.62,Stage 1,performing,52.087820828800005,0.05234536
AUS-002538,2026-08-31,personal_loan,ACT,B,CURRENT,0,1088.92,0.0543,0.076902,1.4162430939226518,0.07690200000000003,0.62,Stage 1,performing,51.9188780208,0.04767924
AUS-002266,2026-08-31,personal_loan,QLD,A,CURRENT,0,3751.58,0.015744,0.022297,1.4162220528455285,0.03144004470280748,0.62,Stage 1,performing,51.862367141200004,0.01382414
AUS-000758,2026-08-31,credit_card,VIC,A,CURRENT,0,2759.83,0.021341,0.030224,1.4162410383768333,0.06672265844010472,0.62,Stage 1,performing,51.7161231904,0.01873888
AUS-001632,2026-08-31,credit_card,VIC,A,CURRENT,0,2666.35,0.022036,0.031208,1.4162279905609003,0.07375939827084133,0.62,Stage 1,performing,51.59109949599999,0.01934896
AUS-002108,2026-08-31,credit_card,QLD,A,CURRENT,0,2006.72,0.029267,0.041449,1.4162367171216728,0.094054252555411,0.62,Stage 1,performing,51.5694531136,0.02569838
AUS-001843,2026-08-31,personal_loan,VIC,A,CURRENT,0,3908.38,0.015015,0.021265,1.4162504162504161,0.02126499999999998,0.62,Stage 1,performing,51.529254434,0.0131843
AUS-002644,2026-08-31,credit_card,NSW,B,CURRENT,0,1815.3,0.032195,0.045596,1.416244758502873,0.07842339992977754,0.62,Stage 1,performing,51.317659656,0.02826952
AUS-000563,2026-08-31,credit_card,ACT,B,CURRENT,0,1596.87,0.036535,0.051743,1.416258382373067,0.096818687309699,0.62,Stage 1,performing,51.22864353419999,0.03208066
AUS-002420,2026-08-31,credit_card,QLD,A,CURRENT,0,3041.94,0.019129,0.027091,1.4162266715458205,0.05777097449296609,0.62,Stage 1,performing,51.0937018548,0.01679642
AUS-002001,2026-08-31,credit_card,QLD,A,CURRENT,0,2616.63,0.022168,0.031395,1.416230602670516,0.07172714953994008,0.62,Stage 1,performing,50.932441287,0.0194649
AUS-000434,2026-08-31,credit_card,VIC,B,CURRENT,0,1880.95,0.03082,0.043649,1.4162556781310838,0.09217072097939749,0.62,Stage 1,performing,50.902983661,0.02706238
AUS-001003,2026-08-31,personal_loan,QLD,A,CURRENT,0,3016.66,0.019017,0.026933,1.4162591365620234,0.026932999999999985,0.62,Stage 1,performing,50.37357634359999,0.01669846
AUS-000402,2026-08-31,credit_card,NSW,B,CURRENT,0,1295.91,0.044107,0.062467,1.4162604575237492,0.09222159964196197,0.62,Stage 1,performing,50.1899981814,0.03872954
AUS-001330,2026-08-31,personal_loan,NSW,A,CURRENT,0,3026.6,0.018882,0.026742,1.4162694629806165,0.026742000000000044,0.62,Stage 1,performing,50.18114906399999,0.016580039999999997
AUS-001774,2026-08-31,credit_card,VIC,A,CURRENT,0,3020.74,0.018866,0.026719,1.41625145764868,0.0738634404665951,0.62,Stage 1,performing,50.040914277199995,0.01656578
AUS-001412,2026-08-31,credit_card,VIC,B,CURRENT,0,1568.22,0.036296,0.051404,1.4162442142384835,0.11973564703911799,0.62,Stage 1,performing,49.9799241456,0.03187048
AUS-002653,2026-08-31,credit_card,VIC,B,CURRENT,0,1523.95,0.037123,0.052575,1.4162379118066963,0.08608024006350601,0.62,Stage 1,performing,49.675436175,0.0325965
AUS-000580,2026-08-31,personal_loan,VIC,B,CURRENT,0,1428.43,0.039559,0.056025,1.4162390353648981,0.05602499999999999,0.62,Stage 1,performing,49.617230264999996,0.034735499999999996
AUS-002658,2026-08-31,auto_loan,VIC,A,CURRENT,0,3540.85,0.025912,0.036698,1.4162550169805495,0.03669800000000001,0.38,Stage 1,performing,49.378003054000004,0.013945240000000001
AUS-001468,2026-08-31,personal_loan,QLD,A,CURRENT,0,2097.06,0.026809,0.037968,1.4162408146517962,0.056407941121113137,0.62,Stage 1,performing,49.3651279296,0.02354016
AUS-000417,2026-08-31,personal_loan,VIC,A,CURRENT,0,2675.89,0.021008,0.029753,1.416269992383854,0.04188728468412084,0.62,Stage 1,performing,49.361768205400004,0.018446860000000002
AUS-002860,2026-08-31,auto_loan,QLD,A,CURRENT,0,3752.41,0.024387,0.034538,1.4162463607659819,0.03453799999999996,0.38,Stage 1,performing,49.24827990039999,0.01312444
AUS-002648,2026-08-31,auto_loan,QLD,B,CURRENT,0,2373.2,0.038521,0.054555,1.4162404921990603,0.05455500000000002,0.38,Stage 1,performing,49.198571879999996,0.0207309
AUS-002054,2026-08-31,credit_card,QLD,B,CURRENT,0,1441.19,0.038827,0.054989,1.4162567285651737,0.0769988892538318,0.62,Stage 1,performing,49.1347500842,0.03409318
AUS-000652,2026-08-31,credit_card,NSW,A,CURRENT,0,2854.53,0.019564,0.027708,1.4162747904314046,0.07652739089217209,0.62,Stage 1,performing,49.037856688800005,0.01717896
AUS-002831,2026-08-31,personal_loan,WA,A,CURRENT,0,3533.25,0.015695,0.022228,1.4162472124880536,0.049319486815180946,0.62,Stage 1,performing,48.692990220000006,0.013781360000000001
AUS-002213,2026-08-31,credit_card,QLD,A,CURRENT,0,1881.93,0.029408,0.041649,1.4162472796517953,0.08481354446878497,0.62,Stage 1,performing,48.5959115934,0.02582238
AUS-000161,2026-08-31,personal_loan,QLD,A,CURRENT,0,2190.46,0.025208,0.035701,1.416256743890828,0.061637802411504405,0.62,Stage 1,performing,48.4849997252,0.022134619999999997
AUS-001708,2026-08-31,personal_loan,WA,A,CURRENT,0,2683.14,0.020569,0.029131,1.41625747484078,0.029131000000000018,0.62,Stage 1,performing,48.460781830799995,0.01806122
AUS-001077,2026-08-31,auto_loan,QLD,D,CURRENT,0,551.17,0.16281,0.23058,1.4162520729684909,0.23058,0.38,Stage 1,performing,48.293735868,0.0876204
AUS-001604,2026-08-31,credit_card,VIC,B,CURRENT,0,1079.09,0.050918,0.072113,1.4162575120782435,0.13902571523099994,0.62,Stage 1,performing,48.24617864539999,0.044710059999999996
AUS-001684,2026-08-31,personal_loan,NSW,B,CURRENT,0,1416.07,0.038776,0.054917,1.4162626366824842,0.059354936882504594,0.62,Stage 1,performing,48.2151160378,0.03404854
AUS-002287,2026-08-31,credit_card,VIC,A,CURRENT,0,2302.9,0.023746,0.03363,1.416238524383054,0.06612902310000013,0.62,Stage 1,performing,48.016846740000005,0.0208506
AUS-001149,2026-08-31,auto_loan,SA,A,CURRENT,0,4664.1,0.019028,0.026948,1.4162287155770443,0.026947999999999972,0.38,Stage 1,performing,47.761503384,0.01024024
AUS-002326,2026-08-31,credit_card,VIC,B,CURRENT,0,916.0,0.059235,0.083892,1.4162572803241325,0.17893031011763738,0.62,Stage 1,performing,47.643944639999994,0.052013039999999996
AUS-002228,2026-08-31,personal_loan,NSW,A,CURRENT,0,3544.39,0.015275,0.021633,1.4162356792144026,0.02519272514023263,0.62,Stage 1,performing,47.5389890994,0.01341246
AUS-002075,2026-08-31,personal_loan,TAS,A,CURRENT,0,3415.57,0.015818,0.022402,1.4162346693640158,0.0297572507722077,0.62,Stage 1,performing,47.4396714668,0.013889239999999999
AUS-000235,2026-08-31,credit_card,NSW,B,CURRENT,0,924.31,0.058265,0.082518,1.4162533253239509,0.1211872908694912,0.62,Stage 1,performing,47.28877179959999,0.05116116
AUS-000293,2026-08-31,credit_card,NSW,B,CURRENT,0,1598.73,0.033673,0.047689,1.416238529385561,0.11499239621843271,0.62,Stage 1,performing,47.2699376814,0.029567180000000002
AUS-001096,2026-08-31,personal_loan,NSW,A,CURRENT,0,3003.7,0.017837,0.025262,1.4162695520547177,0.04174779156860742,0.62,Stage 1,performing,47.045271027999995,0.01566244
AUS-000424,2026-08-31,personal_loan,NSW,A,CURRENT,0,2944.41,0.018156,0.025713,1.416226040978189,0.025712999999999986,0.62,Stage 1,performing,46.9399608846,0.01594206
AUS-000463,2026-08-31,credit_card,NSW,B,CURRENT,0,1001.03,0.053063,0.07515,1.4162410719333622,0.07515000000000005,0.62,Stage 1,performing,46.64099079,0.046592999999999996
AUS-002744,2026-08-31,auto_loan,VIC,A,CURRENT,0,3989.45,0.021717,0.030757,1.4162637565041212,0.06544659280355858,0.38,Stage 1,performing,46.627335187,0.01168766
AUS-000198,2026-08-31,credit_card,VIC,B,CURRENT,0,1345.89,0.039332,0.055704,1.4162513983524865,0.06468153471960758,0.62,Stage 1,performing,46.48230306719999,0.034536479999999994
AUS-001520,2026-08-31,personal_loan,VIC,A,CURRENT,0,3055.43,0.017277,0.024469,1.4162759738380506,0.024468999999999963,0.62,Stage 1,performing,46.3532563354,0.01517078
AUS-001327,2026-08-31,personal_loan,SA,A,CURRENT,0,3293.68,0.016021,0.02269,1.416266150677236,0.03384120007687608,0.62,Stage 1,performing,46.33483150399999,0.014067799999999998
AUS-002557,2026-08-31,personal_loan,QLD,A,CURRENT,0,2314.65,0.022793,0.032281,1.4162681525029612,0.032281000000000004,0.62,Stage 1,performing,46.325914323,0.02001422
AUS-001389,2026-08-31,credit_card,VIC,B,CURRENT,0,779.23,0.067209,0.095185,1.4162537755360145,0.09518499999999996,0.62,Stage 1,performing,45.986024681,0.0590147
AUS-002063,2026-08-31,auto_loan,VIC,A,CURRENT,0,5186.12,0.016335,0.023134,1.4162228344046526,0.023133999999999988,0.38,Stage 1,performing,45.59076603039999,0.008790919999999999
AUS-001265,2026-08-31,auto_loan,SA,B,CURRENT,0,2742.82,0.030859,0.043704,1.4162480961793966,0.043703999999999965,0.38,Stage 1,performing,45.551438006400005,0.01660752
AUS-002817,2026-08-31,personal_loan,NSW,A,CURRENT,0,2113.97,0.024476,0.034664,1.4162444843928745,0.03466400000000003,0.62,Stage 1,performing,45.43276676959999,0.02149168
AUS-001120,2026-08-31,credit_card,SA,A,CURRENT,0,3167.05,0.0163,0.023085,1.4162576687116566,0.06766855071913924,0.62,Stage 1,performing,45.32903653500001,0.014312700000000001
AUS-001076,2026-08-31,personal_loan,VIC,B,CURRENT,0,1293.64,0.039887,0.05649,1.4162509088174091,0.07010666619345629,0.62,Stage 1,performing,45.308188632000004,0.0350238
AUS-000095,2026-08-31,personal_loan,QLD,B,CURRENT,0,1572.78,0.032773,0.046415,1.4162572849601807,0.046414999999999984,0.62,Stage 1,performing,45.260361894,0.0287773
AUS-000567,2026-08-31,auto_loan,VIC,C,CURRENT,0,1099.9,0.076393,0.108192,1.4162554160721532,0.10819199999999995,0.38,Stage 1,performing,45.220144704,0.04111296
AUS-001828,2026-08-31,auto_loan,WA,A,CURRENT,0,4958.89,0.016886,0.023915,1.4162619921828732,0.02391500000000002,0.38,Stage 1,performing,45.064904653,0.009087699999999999
AUS-000875,2026-08-31,auto_loan,QLD,A,CURRENT,0,4592.55,0.018202,0.025779,1.4162729370398857,0.030010422100196,0.38,Stage 1,performing,44.988711651,0.00979602
AUS-002151,2026-08-31,auto_loan,VIC,A,CURRENT,0,5236.57,0.015898,0.022516,1.41627877720468,0.02806533555373303,0.38,Stage 1,performing,44.804511845600004,0.00855608
AUS-000912,2026-08-31,credit_card,VIC,A,CURRENT,0,2708.1,0.01872,0.026512,1.4162393162393163,0.07744597648544971,0.62,Stage 1,performing,44.514231264,0.01643744
AUS-001317,2026-08-31,auto_loan,SA,A,CURRENT,0,5454.58,0.015133,0.021432,1.416242648516487,0.026717841395368813,0.38,Stage 1,performing,44.422972252799994,0.00814416
AUS-000296,2026-08-31,credit_card,VIC,A,CURRENT,0,2016.62,0.025086,0.035528,1.416248106513593,0.06134317567471648,0.62,Stage 1,performing,44.420814723199996,0.02202736
AUS-001622,2026-08-31,auto_loan,NSW,A,CURRENT,0,5020.47,0.016434,0.023275,1.4162711451868077,0.023275000000000046,0.38,Stage 1,performing,44.403546915,0.0088445
AUS-001608,2026-08-31,personal_loan,SA,A,CURRENT,0,2677.89,0.018743,0.026545,1.416262071173238,0.02654500000000004,0.62,Stage 1,performing,44.072445831,0.0164579
AUS-002480,2026-08-31,credit_card,VIC,B,CURRENT,0,850.81,0.058792,0.083264,1.4162471084501294,0.10944848165639953,0.62,Stage 1,performing,43.9219431808,0.051623680000000005
AUS-001186,2026-08-31,credit_card,NSW,B,CURRENT,0,1197.46,0.041756,0.059137,1.4162515566625156,0.11477681523100003,0.62,Stage 1,performing,43.9047990524,0.03666494
AUS-001863,2026-08-31,credit_card,QLD,B,CURRENT,0,1336.09,0.037413,0.052986,1.4162456900008018,0.12327922374079447,0.62,Stage 1,performing,43.892320138799995,0.032851319999999996
AUS-000786,2026-08-31,personal_loan,VIC,A,CURRENT,0,2009.49,0.024867,0.035218,1.4162544738006193,0.03521799999999997,0.62,Stage 1,performing,43.8775356684,0.02183516
AUS-000414,2026-08-31,credit_card,QLD,A,CURRENT,0,1769.58,0.028203,0.039942,1.4162323157110945,0.07200558333990259,0.62,Stage 1,performing,43.82194990319999,0.024764039999999998
AUS-002448,2026-08-31,personal_loan,VIC,B,CURRENT,0,1315.16,0.037834,0.053582,1.416239361420944,0.05358200000000002,0.62,Stage 1,performing,43.69071993440001,0.03322084
AUS-002364,2026-08-31,credit_card,QLD,B,CURRENT,0,819.0,0.060629,0.085866,1.4162529482590838,0.1194298255177606,0.62,Stage 1,performing,43.60103748,0.05323692
AUS-002187,2026-08-31,credit_card,NSW,B,CURRENT,0,1388.45,0.035714,0.05058,1.41625133001064,0.05057999999999996,0.62,Stage 1,performing,43.54123662000001,0.0313596
AUS-002789,2026-08-31,credit_card,VIC,A,CURRENT,0,1656.3,0.029862,0.042292,1.4162480744759227,0.05598806086123764,0.62,Stage 1,performing,43.429908552,0.02622104
AUS-000857,2026-08-31,auto_loan,SA,B,CURRENT,0,1488.13,0.054199,0.076759,1.4162438421373087,0.07675900000000002,0.38,Stage 1,performing,43.4064008546,0.029168419999999997
AUS-000390,2026-08-31,credit_card,NSW,A,CURRENT,0,1771.27,0.027867,0.039467,1.4162629633616823,0.07427521983856877,0.62,Stage 1,performing,43.3421621158,0.02446954
AUS-001928,2026-08-31,auto_loan,NT,B,CURRENT,0,1902.66,0.042325,0.059943,1.4162551683402245,0.05994299999999997,0.38,Stage 1,performing,43.3394363844,0.02277834
AUS-000176,2026-08-31,personal_loan,VIC,A,CURRENT,0,2899.68,0.016985,0.024055,1.4162496320282603,0.02405500000000005,0.62,Stage 1,performing,43.246117487999996,0.0149141
AUS-000931,2026-08-31,personal_loan,ACT,A,CURRENT,0,1863.87,0.026398,0.037386,1.416243654822335,0.03738600000000003,0.62,Stage 1,performing,43.203239168399996,0.02317932
AUS-001309,2026-08-31,personal_loan,NSW,B,CURRENT,0,1047.12,0.046976,0.06653,1.4162551089918258,0.06652999999999998,0.62,Stage 1,performing,43.192234032,0.0412486
AUS-001844,2026-08-31,credit_card,NSW,A,CURRENT,0,1695.94,0.028981,0.041044,1.4162382250439942,0.11814731332221307,0.62,Stage 1,performing,43.1570600432,0.02544728
AUS-001250,2026-08-31,credit_card,NSW,B,CURRENT,0,1131.32,0.043415,0.061486,1.4162386272025798,0.15567688084791698,0.62,Stage 1,performing,43.1274117424,0.03812132
AUS-002332,2026-08-31,personal_loan,NSW,B,CURRENT,0,1304.87,0.03753,0.053152,1.416253663735678,0.05315199999999998,0.62,Stage 1,performing,43.00099914879999,0.032954239999999996
AUS-000569,2026-08-31,personal_loan,QLD,B,CURRENT,0,772.62,0.06335,0.089719,1.4162430939226518,0.089719,0.62,Stage 1,performing,42.9775901436,0.05562577999999999
AUS-001156,2026-08-31,personal_loan,NSW,A,CURRENT,0,2583.11,0.018941,0.026825,1.416239902856238,0.06571933882861614,0.62,Stage 1,performing,42.960993965,0.0166315
AUS-002144,2026-08-31,credit_card,WA,B,CURRENT,0,1003.51,0.048751,0.069044,1.416258128038399,0.069044,0.62,Stage 1,performing,42.957533552799994,0.042807279999999996
AUS-000292,2026-08-31,personal_loan,QLD,B,CURRENT,0,1372.11,0.035264,0.049943,1.416260208711434,0.04994299999999996,0.62,Stage 1,performing,42.4869196326,0.03096466
AUS-002186,2026-08-31,personal_loan,NSW,B,CURRENT,0,887.05,0.054545,0.077249,1.4162434686955723,0.07724900000000001,0.62,Stage 1,performing,42.484709779,0.04789438
AUS-002003,2026-08-31,credit_card,NSW,B,CURRENT,0,1061.3,0.045574,0.064544,1.4162461052354411,0.11020309958639074,0.62,Stage 1,performing,42.470339264,0.04001728
AUS-001658,2026-08-31,credit_card,NSW,B,CURRENT,0,1472.72,0.03283,0.046495,1.4162351507767288,0.05403121925653531,0.62,Stage 1,performing,42.45395216800001,0.028826900000000006
AUS-000633,2026-08-31,personal_loan,NSW,B,CURRENT,0,1421.7,0.033989,0.048137,1.4162523169260643,0.048136999999999985,0.62,Stage 1,performing,42.430551198,0.02984494
AUS-002732,2026-08-31,personal_loan,VIC,A,CURRENT,0,3009.81,0.016042,0.022719,1.4162199227029049,0.05221012992604712,0.62,Stage 1,performing,42.3955215018,0.01408578
AUS-000055,2026-08-31,auto_loan,QLD,B,CURRENT,0,2355.4,0.033436,0.047354,1.4162579255891854,0.04735400000000001,0.38,Stage 1,performing,42.384292408,0.01799452
AUS-001701,2026-08-31,credit_card,QLD,C,CURRENT,0,658.1,0.073014,0.103406,1.4162489385597283,0.14326977271866492,0.62,Stage 1,performing,42.191922932,0.06411172
AUS-002753,2026-08-31,credit_card,VIC,B,CURRENT,0,716.37,0.066981,0.094862,1.416252370075096,0.18072520095599998,0.62,Stage 1,performing,42.1329003828,0.05881444
AUS-000133,2026-08-31,auto_loan,VIC,A,CURRENT,0,3235.18,0.024036,0.034041,1.4162506240639043,0.03404099999999999,0.38,Stage 1,performing,41.8489297044,0.01293558
AUS-001574,2026-08-31,credit_card,VIC,B,CURRENT,0,970.35,0.049039,0.069451,1.4162401354024348,0.06945100000000004,0.62,Stage 1,performing,41.782902267000004,0.04305962000000001
AUS-001005,2026-08-31,auto_loan,VIC,B,CURRENT,0,2551.98,0.030376,0.04302,1.4162496707927312,0.04302000000000006,0.38,Stage 1,performing,41.718748248000004,0.0163476
AUS-001951,2026-08-31,credit_card,VIC,A,CURRENT,0,2257.06,0.020934,0.029648,1.4162606286423998,0.08633304899574579,0.62,Stage 1,performing,41.4887352256,0.01838176
AUS-001741,2026-08-31,personal_loan,WA,A,CURRENT,0,2874.59,0.016342,0.023144,1.4162281238526497,0.023144000000000053,0.62,Stage 1,performing,41.248296795200005,0.01434928
AUS-002766,2026-08-31,credit_card,VIC,B,CURRENT,0,1528.37,0.030708,0.04349,1.4162433242151884,0.10188284060023833,0.62,Stage 1,performing,41.210663006,0.0269638
AUS-000232,2026-08-31,personal_loan,QLD,B,CURRENT,0,1458.96,0.032164,0.045552,1.4162417609750033,0.04555200000000004,0.62,Stage 1,performing,41.204298470400005,0.028242240000000002
AUS-000039,2026-08-31,personal_loan,VIC,B,CURRENT,0,1407.38,0.033256,0.047099,1.416255713254751,0.047099,0.62,Stage 1,performing,41.097438184400005,0.029201380000000002
AUS-001542,2026-08-31,personal_loan,QLD,A,CURRENT,0,1633.19,0.028656,0.040584,1.416247906197655,0.04058399999999995,0.62,Stage 1,performing,41.0944574352,0.02516208
AUS-000201,2026-08-31,auto_loan,NSW,C,CURRENT,0,674.02,0.112418,0.159212,1.4162500667152946,0.15921200000000002,0.38,Stage 1,performing,40.778587451199996,0.060500559999999995
AUS-002378,2026-08-31,auto_loan,SA,A,CURRENT,0,4612.01,0.016421,0.023256,1.4162353084465011,0.03278564808746953,0.38,Stage 1,performing,40.7576237328,0.00883728
AUS-000070,2026-08-31,personal_loan,NSW,A,CURRENT,0,2061.83,0.022489,0.03185,1.416247943439015,0.031850000000000045,0.62,Stage 1,performing,40.71495701,0.019747
AUS-000938,2026-08-31,personal_loan,QLD,A,CURRENT,0,2204.42,0.021034,0.029789,1.4162308643149186,0.029788999999999954,0.62,Stage 1,performing,40.7138297756,0.018469179999999998
AUS-001971,2026-08-31,personal_loan,NSW,A,CURRENT,0,1872.72,0.024658,0.034922,1.4162543596398736,0.03492200000000001,0.62,Stage 1,performing,40.5474592608,0.021651639999999996
AUS-001249,2026-08-31,credit_card,WA,A,CURRENT,0,1619.36,0.028454,0.040298,1.4162507907499824,0.07263635506593091,0.62,Stage 1,performing,40.4593209536,0.02498476
AUS-002650,2026-08-31,credit_card,NSW,A,CURRENT,0,2984.39,0.015418,0.021836,1.4162667012582697,0.03612779097090513,0.62,Stage 1,performing,40.4036268248,0.013538320000000001
AUS-002539,2026-08-31,personal_loan,NSW,B,CURRENT,0,1484.82,0.030967,0.043857,1.4162495559789452,0.043857000000000035,0.62,Stage 1,performing,40.3742454588,0.027191339999999998
AUS-001788,2026-08-31,auto_loan,NSW,A,CURRENT,0,4877.25,0.015379,0.021781,1.4162819429091618,0.032492944358503806,0.38,Stage 1,performing,40.367925254999996,0.00827678
AUS-001114,2026-08-31,credit_card,NSW,A,CURRENT,0,1637.74,0.028063,0.039744,1.4162420268681182,0.08101946770241586,0.62,Stage 1,performing,40.356009907200004,0.02464128
AUS-002592,2026-08-31,credit_card,QLD,B,CURRENT,0,1094.5,0.041987,0.059464,1.4162478862505063,0.08318470555416568,0.62,Stage 1,performing,40.35167576,0.03686768
AUS-001169,2026-08-31,credit_card,ACT,A,CURRENT,0,1776.09,0.025866,0.036633,1.4162607283692878,0.06903314905069868,0.62,Stage 1,performing,40.3393730814,0.02271246
AUS-001068,2026-08-31,auto_loan,QLD,A,CURRENT,0,3156.81,0.023737,0.033618,1.4162699582929603,0.03361800000000004,0.38,Stage 1,performing,40.3277426604,0.012774839999999999
AUS-001862,2026-08-31,credit_card,NSW,A,CURRENT,0,2622.86,0.017409,0.024655,1.4162214946292147,0.04274650996440077,0.62,Stage 1,performing,40.093300246000005,0.015286100000000002
AUS-001182,2026-08-31,personal_loan,QLD,A,CURRENT,0,2659.64,0.017165,0.02431,1.4162540052432275,0.024310000000000054,0.62,Stage 1,performing,40.086626007999996,0.0150722
AUS-001800,2026-08-31,auto_loan,NSW,C,CURRENT,0,984.68,0.075505,0.106934,1.4162505794318256,0.10693399999999997,0.38,Stage 1,performing,40.0123930256,0.04063492
AUS-001074,2026-08-31,credit_card,VIC,B,CURRENT,0,821.88,0.055406,0.078469,1.416254557268166,0.0909349924521351,0.62,Stage 1,performing,39.9851030664,0.04865078
AUS-000599,2026-08-31,credit_card,VIC,A,CURRENT,0,2227.83,0.02044,0.028948,1.416242661448141,0.07986041787425369,0.62,Stage 1,performing,39.9845581608,0.01794776
AUS-001902,2026-08-31,personal_loan,QLD,B,CURRENT,0,1459.71,0.031165,0.044137,1.4162361623616235,0.07247401562914157,0.62,Stage 1,performing,39.9448765674,0.02736494
AUS-000632,2026-08-31,credit_card,WA,D,CURRENT,0,295.73,0.153243,0.21703,1.4162473979235595,0.21703000000000006,0.62,Stage 1,performing,39.793014778,0.1345586
AUS-002742,2026-08-31,credit_card,VIC,A,CURRENT,0,1949.97,0.023106,0.032724,1.4162555180472605,0.0849016634285844,0.62,Stage 1,performing,39.5627073336,0.020288880000000002
AUS-001115,2026-08-31,credit_card,VIC,A,CURRENT,0,1563.63,0.028761,0.040733,1.4162581273251973,0.09561405910726606,0.62,Stage 1,performing,39.488631289800004,0.02525446
AUS-000776,2026-08-31,credit_card,NSW,B,CURRENT,0,1311.69,0.034171,0.048395,1.4162594012466712,0.07935006790907562,0.62,Stage 1,performing,39.357127281000004,0.0300049
AUS-001521,2026-08-31,personal_loan,VIC,A,CURRENT,0,2882.51,0.015529,0.021993,1.4162534612660185,0.027415253529404104,0.62,Stage 1,performing,39.3049263066,0.013635659999999999
AUS-001837,2026-08-31,personal_loan,QLD,B,CURRENT,0,1063.38,0.042022,0.059514,1.416258150492599,0.059513999999999956,0.62,Stage 1,performing,39.2373183384,0.036898679999999996
AUS-002760,2026-08-31,auto_loan,WA,B,CURRENT,0,2216.97,0.032885,0.046573,1.4162384065683444,0.046572999999999976,0.38,Stage 1,performing,39.2353586478,0.01769774
AUS-000954,2026-08-31,personal_loan,NSW,B,CURRENT,0,1366.79,0.032685,0.04629,1.416245984396512,0.04628999999999994,0.62,Stage 1,performing,39.226599642,0.028699799999999998
AUS-000640,2026-08-31,credit_card,VIC,A,CURRENT,0,1510.96,0.029334,0.041544,1.4162405399877276,0.06166423341381533,0.62,Stage 1,performing,38.918219788799995,0.025757279999999997
AUS-001992,2026-08-31,auto_loan,VIC,A,CURRENT,0,4123.12,0.017492,0.024773,1.4162474273953807,0.024773000000000045,0.38,Stage 1,performing,38.8139796688,0.00941374
AUS-001586,2026-08-31,credit_card,NSW,A,CURRENT,0,2052.76,0.021232,0.03007,1.4162584777694045,0.08053314408074497,0.62,Stage 1,performing,38.270425784000004,0.0186434
AUS-000692,2026-08-31,credit_card,VIC,A,CURRENT,0,2225.43,0.019573,0.02772,1.4162366525315486,0.07222299099967322,0.62,Stage 1,performing,38.247130152,0.0171864
AUS-002116,2026-08-31,credit_card,QLD,B,CURRENT,0,888.08,0.048933,0.069301,1.4162426174565224,0.07485454862847452,0.62,Stage 1,performing,38.1577958896,0.042966620000000004
AUS-002811,2026-08-31,personal_loan,TAS,B,CURRENT,0,851.46,0.050995,0.072222,1.416256495734876,0.07222200000000001,0.62,Stage 1,performing,38.1263693544,0.044777639999999994
AUS-000259,2026-08-31,personal_loan,NSW,A,CURRENT,0,2064.76,0.021004,0.029747,1.4162540468482194,0.06568948393389362,0.62,Stage 1,performing,38.08065774640001,0.01844314
AUS-002431,2026-08-31,credit_card,SA,B,CURRENT,0,693.39,0.062421,0.088404,1.416254145239583,0.08840400000000004,0.62,Stage 1,performing,38.005038727199995,0.054810479999999995
AUS-001913,2026-08-31,credit_card,NSW,A,CURRENT,0,2516.91,0.017175,0.024324,1.416244541484716,0.046100892263665205,0.62,Stage 1,performing,37.9572176808,0.015080880000000001
AUS-001431,2026-08-31,credit_card,NSW,C,CURRENT,0,550.08,0.078467,0.111129,1.4162514177934675,0.11112900000000003,0.62,Stage 1,performing,37.900500998400005,0.06889998
AUS-001248,2026-08-31,personal_loan,QLD,B,CURRENT,0,1422.56,0.030309,0.042925,1.416245999538091,0.04292499999999999,0.62,Stage 1,performing,37.859300559999994,0.0266135
AUS-001879,2026-08-31,auto_loan,VIC,A,CURRENT,0,3967.01,0.017625,0.024961,1.41622695035461,0.027012742376610333,0.38,Stage 1,performing,37.62780391180001,0.009485180000000001
AUS-002484,2026-08-31,personal_loan,ACT,B,CURRENT,0,1191.16,0.035783,0.050678,1.4162591174580108,0.05478339820874756,0.62,Stage 1,performing,37.4266760176,0.03142036
AUS-002196,2026-08-31,credit_card,VIC,B,CURRENT,0,1352.83,0.031497,0.044608,1.4162618662094804,0.0626021914726198,0.62,Stage 1,performing,37.4151651968,0.027656959999999998
AUS-002741,2026-08-31,personal_loan,VIC,B,CURRENT,0,1269.11,0.033532,0.04749,1.416259095789097,0.04749000000000003,0.62,Stage 1,performing,37.367421017999995,0.0294438
AUS-001850,2026-08-31,auto_loan,VIC,A,CURRENT,0,4394.16,0.01579,0.022363,1.416276124129196,0.022363000000000022,0.38,Stage 1,performing,37.3413080304,0.00849794
AUS-002574,2026-08-31,credit_card,NSW,B,CURRENT,0,1146.72,0.037031,0.052445,1.4162458480732358,0.0899657277611311,0.62,Stage 1,performing,37.286632848,0.0325159
AUS-000004,2026-08-31,auto_loan,QLD,B,CURRENT,0,2052.02,0.033719,0.047755,1.416263827515644,0.04775499999999999,0.38,Stage 1,performing,37.237801738,0.0181469
AUS-000035,2026-08-31,auto_loan,QLD,A,CURRENT,0,3993.46,0.017281,0.024474,1.4162374862565823,0.024473999999999996,0.38,Stage 1,performing,37.1396572152,0.00930012
AUS-001320,2026-08-31,credit_card,SA,A,CURRENT,0,2547.04,0.016557,0.023449,1.41625898411548,0.053861239693887786,0.62,Stage 1,performing,37.0298353952,0.014538380000000002
AUS-000562,2026-08-31,personal_loan,ACT,B,CURRENT,0,1080.91,0.038867,0.055045,1.4162399979416986,0.05504500000000001,0.62,Stage 1,performing,36.889188389,0.034127899999999996
AUS-002107,2026-08-31,auto_loan,WA,A,CURRENT,0,3298.9,0.020763,0.029406,1.416269325242017,0.029406000000000043,0.38,Stage 1,performing,36.862832292,0.01117428
AUS-000169,2026-08-31,personal_loan,WA,A,CURRENT,0,2634.78,0.01593,0.022561,1.416258631512869,0.022561000000000053,0.62,Stage 1,performing,36.85482837960001,0.013987820000000002
AUS-000384,2026-08-31,auto_loan,VIC,A,CURRENT,0,2877.54,0.02376,0.03365,1.4162457912457913,0.03364999999999996,0.38,Stage 1,performing,36.79510398,0.012787
AUS-000446,2026-08-31,auto_loan,QLD,A,CURRENT,0,3731.2,0.018246,0.025841,1.4162556176696264,0.025841000000000003,0.38,Stage 1,performing,36.638816895999994,0.00981958
AUS-000610,2026-08-31,personal_loan,QLD,A,CURRENT,0,2575.79,0.016184,0.022921,1.4162753336628768,0.02292099999999997,0.62,Stage 1,performing,36.6046032058,0.01421102
AUS-000106,2026-08-31,auto_loan,NSW,B,CURRENT,0,1734.27,0.039178,0.055486,1.416254020113329,0.055486000000000035,0.38,Stage 1,performing,36.566527983600004,0.02108468
AUS-001099,2026-08-31,credit_card,VIC,A,CURRENT,0,1765.22,0.023563,0.033371,1.416245809107499,0.08394573186702847,0.62,Stage 1,performing,36.5224371044,0.02069002
AUS-002852,2026-08-31,personal_loan,WA,A,CURRENT,0,2421.27,0.017026,0.024113,1.4162457418066488,0.02411300000000005,0.62,Stage 1,performing,36.1981317762,0.01495006
AUS-001579,2026-08-31,credit_card,QLD,A,CURRENT,0,2315.42,0.017676,0.025034,1.4162706494682054,0.07127752295523648,0.62,Stage 1,performing,35.9378190536,0.01552108
AUS-000967,2026-08-31,credit_card,VIC,B,CURRENT,0,1218.33,0.03343,0.047345,1.416242895602752,0.058826774239553736,0.62,Stage 1,performing,35.762736987,0.0293539
AUS-002656,2026-08-31,credit_card,VIC,B,CURRENT,0,944.84,0.043042,0.060958,1.4162445982993357,0.07560780175763071,0.62,Stage 1,performing,35.7092451664,0.03779396
AUS-001599,2026-08-31,credit_card,NSW,A,CURRENT,0,1628.09,0.024952,0.035338,1.4162391792241105,0.05820014654710315,0.62,Stage 1,performing,35.6707355404,0.02190956
AUS-001183,2026-08-31,personal_loan,QLD,B,CURRENT,0,592.4,0.068508,0.097024,1.4162433584398901,0.097024,0.62,Stage 1,performing,35.635750912,0.06015488
AUS-002081,2026-08-31,personal_loan,VIC,B,CURRENT,0,681.53,0.058507,0.082861,1.4162578836720392,0.08286099999999996,0.62,Stage 1,performing,35.0127995446,0.05137382
AUS-002249,2026-08-31,personal_loan,NSW,A,CURRENT,0,2353.88,0.016922,0.023966,1.4162628530906514,0.027904115998933166,0.62,Stage 1,performing,34.9761146096,0.014858920000000001
AUS-001395,2026-08-31,credit_card,VIC,A,CURRENT,0,2064.62,0.019266,0.027285,1.4162254749299286,0.05164175332802423,0.62,Stage 1,performing,34.926557154,0.0169167
AUS-000143,2026-08-31,credit_card,VIC,B,CURRENT,0,1207.06,0.032791,0.04644,1.4162422615961696,0.0979013059777728,0.62,Stage 1,performing,34.754637168,0.028792800000000004
AUS-002104,2026-08-31,credit_card,NSW,A,CURRENT,0,2540.8,0.015506,0.02196,1.4162259770411454,0.045206137394514734,0.62,Stage 1,performing,34.593500160000005,0.013615200000000001
AUS-002813,2026-08-31,auto_loan,VIC,A,CURRENT,0,4182.09,0.015365,0.021761,1.4162707452001302,0.03068772641216133,0.38,Stage 1,performing,34.5824549862,0.00826918
AUS-001315,2026-08-31,personal_loan,ACT,A,CURRENT,0,1493.76,0.026324,0.037281,1.4162361343260903,0.03728100000000001,0.62,Stage 1,performing,34.5270972672,0.023114219999999998
AUS-000725,2026-08-31,personal_loan,NSW,A,CURRENT,0,2488.53,0.015791,0.022364,1.416249762522956,0.02236400000000005,0.62,Stage 1,performing,34.5051606504,0.013865679999999998
AUS-000406,2026-08-31,credit_card,QLD,B,CURRENT,0,1079.56,0.036302,0.051413,1.4162580574073054,0.10413184109634366,0.62,Stage 1,performing,34.412119333599996,0.03187606
AUS-002618,2026-08-31,credit_card,NSW,A,CURRENT,0,1804.75,0.021685,0.030711,1.4162324187226194,0.04571098140726548,0.62,Stage 1,performing,34.363919895,0.01904082
AUS-000503,2026-08-31,credit_card,NSW,B,CURRENT,0,1060.67,0.036811,0.052134,1.416261443590231,0.052134000000000014,0.62,Stage 1,performing,34.2841212636,0.03232308
AUS-001682,2026-08-31,credit_card,QLD,B,CURRENT,0,619.02,0.062951,0.089154,1.4162443805499516,0.08915399999999996,0.62,Stage 1,performing,34.2166276296,0.055275479999999995
AUS-001166,2026-08-31,credit_card,WA,A,CURRENT,0,1659.33,0.023465,0.033232,1.4162369486469208,0.05210494895788098,0.62,Stage 1,performing,34.1885698272,0.02060384
AUS-000477,2026-08-31,personal_loan,VIC,A,CURRENT,0,2321.01,0.016758,0.023734,1.4162787922186422,0.04690469724400004,0.62,Stage 1,performing,34.153847830800004,0.01471508
AUS-001144,2026-08-31,credit_card,QLD,B,CURRENT,0,562.15,0.069111,0.097878,1.416243434474975,0.22036544626046362,0.62,Stage 1,performing,34.113712974,0.06068436000000001
AUS-001899,2026-08-31,personal_loan,WA,B,CURRENT,0,1157.72,0.033544,0.047507,1.4162592415931314,0.047506999999999966,0.62,Stage 1,performing,34.0998785048,0.029454340000000002
AUS-000663,2026-08-31,personal_loan,VIC,B,CURRENT,0,1118.3,0.034638,0.049056,1.416248051273168,0.04905599999999999,0.62,Stage 1,performing,34.012781376,0.03041472
AUS-002905,2026-08-31,personal_loan,NSW,B,CURRENT,0,975.65,0.039656,0.056163,1.4162547912043575,0.05616299999999996,0.62,Stage 1,performing,33.973167189,0.03482106
AUS-000457,2026-08-31,credit_card,NSW,A,CURRENT,0,1435.28,0.026827,0.037994,1.416259738323331,0.080499736051173,0.62,Stage 1,performing,33.8098575584,0.02355628
AUS-000812,2026-08-31,personal_loan,VIC,A,CURRENT,0,2183.24,0.017569,0.024882,1.4162445216005464,0.045143407203440344,0.62,Stage 1,performing,33.680494161599995,0.015426839999999999
AUS-002308,2026-08-31,personal_loan,WA,B,CURRENT,0,992.3,0.038603,0.054671,1.4162370800196875,0.054671000000000025,0.62,Stage 1,performing,33.635020645999994,0.03389601999999999
AUS-000917,2026-08-31,personal_loan,VIC,B,CURRENT,0,1159.69,0.032978,0.046705,1.4162471950997635,0.046704999999999997,0.62,Stage 1,performing,33.581259299,0.0289571
AUS-000982,2026-08-31,credit_card,WA,B,CURRENT,0,629.73,0.060682,0.085941,1.4162519363237864,0.18305651140866375,0.62,Stage 1,performing,33.55416807660001,0.05328342000000001
AUS-000568,2026-08-31,personal_loan,VIC,B,CURRENT,0,749.26,0.050684,0.071781,1.4162457580301475,0.07178099999999998,0.62,Stage 1,performing,33.3452318772,0.04450422
AUS-000279,2026-08-31,credit_card,VIC,A,CURRENT,0,1940.57,0.019474,0.02758,1.4162473040977712,0.06317373285033945,0.62,Stage 1,performing,33.182970772,0.0170996
AUS-002894,2026-08-31,auto_loan,WA,A,CURRENT,0,3396.02,0.018087,0.025616,1.4162658262840715,0.025615999999999972,0.38,Stage 1,performing,33.0571303616,0.00973408
AUS-001270,2026-08-31,auto_loan,VIC,A,CURRENT,0,2312.79,0.026548,0.037599,1.4162648787102607,0.03759900000000005,0.38,Stage 1,performing,33.0442646598,0.014287620000000001
AUS-002439,2026-08-31,personal_loan,WA,A,CURRENT,0,2275.51,0.016496,0.023362,1.4162221144519884,0.027202256345167597,0.62,Stage 1,performing,32.959488064400006,0.014484440000000001
AUS-001355,2026-08-31,credit_card,VIC,A,CURRENT,0,1424.33,0.026297,0.037243,1.4162451990721374,0.08475169851274811,0.62,Stage 1,performing,32.8887197578,0.02309066
AUS-001623,2026-08-31,credit_card,VIC,A,CURRENT,0,1836.0,0.020367,0.028845,1.416261599646487,0.02884500000000001,0.62,Stage 1,performing,32.8348404,0.017883899999999998
AUS-001691,2026-08-31,auto_loan,QLD,B,CURRENT,0,2003.3,0.030444,0.043116,1.4162396531336225,0.04311600000000004,0.38,Stage 1,performing,32.822227464,0.016384080000000002
AUS-002406,2026-08-31,personal_loan,NSW,A,CURRENT,0,1878.35,0.019882,0.028158,1.4162559098682224,0.028158000000000016,0.62,Stage 1,performing,32.792159166,0.017457959999999998
AUS-000939,2026-08-31,credit_card,NSW,B,CURRENT,0,665.48,0.056071,0.079411,1.4162579586595565,0.10445439196502782,0.62,Stage 1,performing,32.7647880136,0.04923481999999999
AUS-002089,2026-08-31,auto_loan,WA,A,CURRENT,0,2700.92,0.022525,0.031901,1.4162486126526082,0.03190099999999996,0.38,Stage 1,performing,32.7415785896,0.01212238
AUS-002076,2026-08-31,auto_loan,SA,B,CURRENT,0,1097.86,0.055242,0.078236,1.4162412657036314,0.07823599999999997,0.38,Stage 1,performing,32.6390264848,0.02972968
AUS-000355,2026-08-31,auto_loan,QLD,A,CURRENT,0,3605.86,0.016802,0.023796,1.4162599690513034,0.02379600000000004,0.38,Stage 1,performing,32.6059169328,0.00904248
AUS-000866,2026-08-31,credit_card,QLD,B,CURRENT,0,789.32,0.046653,0.066072,1.4162433284033182,0.06607200000000002,0.62,Stage 1,performing,32.334209644800005,0.040964640000000004
AUS-002729,2026-08-31,personal_loan,ACT,A,CURRENT,0,1827.46,0.020116,0.028489,1.4162358321733945,0.028488999999999987,0.62,Stage 1,performing,32.278754922800005,0.01766318
AUS-000046,2026-08-31,credit_card,QLD,B,CURRENT,0,1147.25,0.031976,0.045286,1.416249687265449,0.0814537388525376,0.62,Stage 1,performing,32.21170537,0.028077319999999996
AUS-000377,2026-08-31,credit_card,QLD,A,CURRENT,0,1959.04,0.018623,0.026375,1.4162594641035278,0.07293568484454804,0.62,Stage 1,performing,32.0352016,0.0163525
AUS-002672,2026-08-31,personal_loan,NSW,A,CURRENT,0,2218.72,0.016351,0.023157,1.416243654822335,0.023156999999999983,0.62,Stage 1,performing,31.854917404799995,0.01435734
AUS-002272,2026-08-31,auto_loan,NSW,A,CURRENT,0,2874.67,0.020524,0.029067,1.416244396803742,0.029066999999999954,0.38,Stage 1,performing,31.7520524982,0.01104546
AUS-002146,2026-08-31,credit_card,NSW,A,CURRENT,0,1245.73,0.02902,0.0411,1.4162646450723637,0.041100000000000025,0.62,Stage 1,performing,31.74369186,0.025481999999999998
AUS-001436,2026-08-31,credit_card,VIC,B,CURRENT,0,830.43,0.04346,0.06155,1.4162448228255868,0.06650484792005595,0.62,Stage 1,performing,31.69003923,0.038161
AUS-000554,2026-08-31,credit_card,VIC,C,CURRENT,0,482.68,0.074172,0.105046,1.4162487191932265,0.10504599999999997,0.62,Stage 1,performing,31.436234033599998,0.06512852
AUS-002596,2026-08-31,credit_card,SA,A,CURRENT,0,1455.14,0.024603,0.034844,1.416250050806812,0.06571673420484159,0.62,Stage 1,performing,31.4357968592,0.02160328
AUS-002517,2026-08-31,personal_loan,NSW,A,CURRENT,0,1198.31,0.029699,0.042061,1.4162429711438096,0.042061000000000015,0.62,Stage 1,performing,31.2493124842,0.02607782
AUS-000137,2026-08-31,credit_card,WA,B,CURRENT,0,1117.1,0.031712,0.044912,1.4162462159434916,0.0878069122559999,0.62,Stage 1,performing,31.106141023999996,0.02784544
AUS-002622,2026-08-31,credit_card,QLD,A,CURRENT,0,1631.48,0.021604,0.030597,1.4162655063877059,0.06268820519184082,0.62,Stage 1,performing,30.949404007200002,0.01897014
AUS-002279,2026-08-31,credit_card,WA,A,CURRENT,0,1395.09,0.025154,0.035624,1.4162359863242429,0.04143671031076446,0.62,Stage 1,performing,30.813185419200003,0.022086880000000003
AUS-000585,2026-08-31,credit_card,VIC,B,CURRENT,0,863.09,0.040436,0.057267,1.4162380057374617,0.061888552722429546,0.62,Stage 1,performing,30.6444765186,0.03550554
AUS-001557,2026-08-31,credit_card,VIC,A,CURRENT,0,1578.78,0.022029,0.031199,1.4162694629806165,0.06636973856911221,0.62,Stage 1,performing,30.5389414764,0.01934338
AUS-000721,2026-08-31,auto_loan,VIC,A,CURRENT,0,2183.7,0.025981,0.036796,1.4162657326507833,0.03679600000000005,0.38,Stage 1,performing,30.533541575999998,0.01398248
AUS-002730,2026-08-31,credit_card,ACT,A,CURRENT,0,1298.83,0.02668,0.037786,1.4162668665667166,0.065185532353356,0.62,Stage 1,performing,30.4281060356,0.02342732
AUS-002372,2026-08-31,personal_loan,NSW,B,CURRENT,0,708.32,0.048923,0.069287,1.4162459374936125,0.06928699999999999,0.62,Stage 1,performing,30.4279680608,0.04295794
AUS-002605,2026-08-31,personal_loan,NSW,A,CURRENT,0,1410.63,0.024455,0.034634,1.4162338989981598,0.034634000000000054,0.62,Stage 1,performing,30.2905708404,0.02147308
AUS-002921,2026-08-31,credit_card,WA,B,CURRENT,0,1002.8,0.034333,0.048624,1.4162467596772783,0.11348831848650032,0.62,Stage 1,performing,30.231291264,0.03014688
AUS-001615,2026-08-31,credit_card,SA,B,CURRENT,0,1103.8,0.031077,0.044013,1.4162563954049618,0.04401299999999997,0.62,Stage 1,performing,30.120560628,0.02728806
AUS-000053,2026-08-31,auto_loan,NSW,A,CURRENT,0,1950.0,0.028685,0.040625,1.4162454244378597,0.04062500000000002,0.38,Stage 1,performing,30.103125000000002,0.015437500000000002
AUS-002356,2026-08-31,auto_loan,VIC,A,CURRENT,0,3681.1,0.015185,0.021506,1.4162660520250248,0.021506000000000025,0.38,Stage 1,performing,30.082979908000002,0.00817228
AUS-002974,2026-08-31,credit_card,NSW,A,CURRENT,0,1597.96,0.021421,0.030337,1.4162270668969703,0.054913605238325225,0.62,Stage 1,performing,30.0559337624,0.01880894
AUS-001561,2026-08-31,credit_card,TAS,B,CURRENT,0,867.13,0.039318,0.055684,1.4162470115468742,0.09107319004539483,0.62,Stage 1,performing,29.9368654904,0.03452408
AUS-001280,2026-08-31,auto_loan,VIC,A,CURRENT,0,2521.48,0.02202,0.031186,1.4162579473206174,0.031186000000000047,0.38,Stage 1,performing,29.881252606399997,0.011850679999999999
AUS-000179,2026-08-31,credit_card,WA,A,CURRENT,0,1769.31,0.019227,0.02723,1.416237582566183,0.03169569351538004,0.62,Stage 1,performing,29.870553006,0.0168826
AUS-000319,2026-08-31,personal_loan,NSW,B,CURRENT,0,857.62,0.039659,0.056167,1.4162485186212461,0.05616699999999997,0.62,Stage 1,performing,29.8653643748,0.03482354
AUS-002351,2026-08-31,personal_loan,QLD,B,CURRENT,0,683.21,0.049497,0.0701,1.416247449340364,0.07010000000000005,0.62,Stage 1,performing,29.69367302,0.043461999999999994
AUS-001285,2026-08-31,credit_card,VIC,B,CURRENT,0,752.8,0.044877,0.063557,1.4162488579896162,0.06355699999999997,0.62,Stage 1,performing,29.664339952000002,0.039405340000000004
AUS-002328,2026-08-31,personal_loan,VIC,C,CURRENT,0,354.38,0.095195,0.13482,1.4162508535112137,0.13481999999999994,0.62,Stage 1,performing,29.622057191999996,0.0835884
AUS-002578,2026-08-31,credit_card,NSW,A,CURRENT,0,2175.24,0.015467,0.021905,1.416241029288162,0.04509427408021072,0.62,Stage 1,performing,29.542151964,0.0135811
AUS-000730,2026-08-31,auto_loan,ACT,A,CURRENT,0,2738.98,0.020021,0.028355,1.4162629239298736,0.03300204227293757,0.38,Stage 1,performing,29.512235602,0.0107749
AUS-001666,2026-08-31,credit_card,NSW,A,CURRENT,0,1203.69,0.027916,0.039536,1.4162487462387163,0.039536000000000016,0.62,Stage 1,performing,29.5052344608,0.02451232
AUS-001259,2026-08-31,auto_loan,NSW,A,CURRENT,0,3136.49,0.01742,0.024671,1.4162456946039033,0.024671,0.38,Stage 1,performing,29.404531020199997,0.00937498
AUS-002764,2026-08-31,personal_loan,WA,A,CURRENT,0,2028.92,0.016465,0.023319,1.4162769511084117,0.02331899999999998,0.62,Stage 1,performing,29.3336789976,0.01445778
AUS-002797,2026-08-31,auto_loan,VIC,B,CURRENT,0,1802.24,0.03023,0.042813,1.416242143565994,0.04281299999999999,0.38,Stage 1,performing,29.3205344256,0.01626894
AUS-001829,2026-08-31,credit_card,NSW,A,CURRENT,0,1855.95,0.017971,0.025451,1.4162261421178566,0.025451,0.62,Stage 1,performing,29.286185739000004,0.01577962
AUS-000905,2026-08-31,credit_card,NSW,A,CURRENT,0,2144.41,0.015533,0.021999,1.4162750273611022,0.05759380947004411,0.62,Stage 1,performing,29.248422865800002,0.013639380000000001
AUS-001337,2026-08-31,personal_loan,NSW,A,CURRENT,0,1657.65,0.020041,0.028383,1.4162466942767327,0.028383000000000047,0.62,Stage 1,performing,29.170429569,0.01759746
AUS-001231,2026-08-31,personal_loan,WA,A,CURRENT,0,1796.58,0.018411,0.026075,1.4162728803432731,0.045184084409928604,0.62,Stage 1,performing,29.04441057,0.0161665
AUS-002291,2026-08-31,credit_card,VIC,A,CURRENT,0,2164.06,0.015231,0.021571,1.4162563193486968,0.04441481233194222,0.62,Stage 1,performing,28.9421817212,0.01337402
AUS-002747,2026-08-31,personal_loan,NSW,B,CURRENT,0,934.97,0.035221,0.049882,1.416257346469436,0.04988199999999998,0.62,Stage 1,performing,28.915667594800002,0.03092684
AUS-000044,2026-08-31,personal_loan,NSW,B,CURRENT,0,662.79,0.049569,0.070202,1.4162480582622203,0.07020199999999999,0.62,Stage 1,performing,28.8480938196,0.04352524
AUS-000083,2026-08-31,credit_card,QLD,B,CURRENT,0,893.27,0.036748,0.052044,1.416240339610319,0.07292133230840414,0.62,Stage 1,performing,28.823393205600002,0.03226728
AUS-000818,2026-08-31,auto_loan,NSW,A,CURRENT,0,3070.44,0.017208,0.024371,1.416259879125988,0.02437100000000003,0.38,Stage 1,performing,28.435283431200002,0.00926098
AUS-000389,2026-08-31,personal_loan,VIC,A,CURRENT,0,1503.15,0.021494,0.030441,1.4162556992649111,0.04776848674436229,0.62,Stage 1,performing,28.369581272999998,0.01887342
AUS-001873,2026-08-31,credit_card,QLD,B,CURRENT,0,724.8,0.044413,0.0629,1.4162519982887893,0.10261963428130128,0.62,Stage 1,performing,28.265750399999998,0.038998
AUS-000116,2026-08-31,credit_card,NSW,B,CURRENT,0,809.21,0.039576,0.05605,1.4162623812411563,0.056050000000000044,0.62,Stage 1,performing,28.120856710000005,0.034751000000000004
AUS-002814,2026-08-31,personal_loan,WA,A,CURRENT,0,1502.14,0.021318,0.030192,1.4162679425837321,0.030191999999999997,0.62,Stage 1,performing,28.1186187456,0.01871904
AUS-001243,2026-08-31,personal_loan,VIC,B,CURRENT,0,613.08,0.052096,0.073781,1.4162507678132676,0.07378099999999999,0.62,Stage 1,performing,28.044866397600003,0.04574422
AUS-000615,2026-08-31,personal_loan,NSW,A,CURRENT,0,1513.91,0.021092,0.029872,1.4162715721600607,0.04205375539515288,0.62,Stage 1,performing,28.0385821024,0.018520639999999998
AUS-000694,2026-08-31,personal_loan,NSW,B,CURRENT,0,680.53,0.046909,0.066435,1.4162527446758617,0.07707022980304667,0.62,Stage 1,performing,28.030826540999996,0.041189699999999996
AUS-002434,2026-08-31,personal_loan,NSW,A,CURRENT,0,1245.59,0.025595,0.036249,1.4162531744481346,0.036248999999999976,0.62,Stage 1,performing,27.9938629842,0.022474380000000002
AUS-001778,2026-08-31,personal_loan,QLD,A,CURRENT,0,1292.44,0.024663,0.034929,1.416251064347403,0.03492899999999999,0.62,Stage 1,performing,27.989054791200005,0.021655980000000002
AUS-002621,2026-08-31,credit_card,VIC,B,CURRENT,0,864.22,0.036781,0.052091,1.416247519099535,0.07298644856944125,0.62,Stage 1,performing,27.9112120924,0.03229642
AUS-000631,2026-08-31,credit_card,VIC,A,CURRENT,0,1157.4,0.027426,0.038842,1.4162473565230074,0.057693520170238766,0.62,Stage 1,performing,27.872553096000004,0.024082040000000002
AUS-001198,2026-08-31,auto_loan,WA,A,CURRENT,0,3323.32,0.015557,0.022033,1.4162756315484992,0.02203299999999997,0.38,Stage 1,performing,27.8246296328,0.00837254
AUS-001999,2026-08-31,credit_card,VIC,A,CURRENT,0,1174.82,0.026946,0.038162,1.416239887181771,0.08084761745789726,0.62,Stage 1,performing,27.7967581208,0.02366044
AUS-002180,2026-08-31,credit_card,WA,A,CURRENT,0,1490.21,0.021198,0.030022,1.4162656854420228,0.05194551454496055,0.62,Stage 1,performing,27.738232464400003,0.01861364
AUS-000162,2026-08-31,credit_card,NSW,A,CURRENT,0,1847.05,0.017071,0.024177,1.4162614961045048,0.024177000000000004,0.62,Stage 1,performing,27.686799266999998,0.01498974
AUS-000883,2026-08-31,credit_card,SA,A,CURRENT,0,1233.62,0.025492,0.036103,1.4162482347403107,0.07374519007667646,0.62,Stage 1,performing,27.6131773732,0.022383860000000002
AUS-001403,2026-08-31,credit_card,NSW,B,CURRENT,0,1015.04,0.03096,0.043847,1.4162467700258397,0.07891392077354786,0.62,Stage 1,performing,27.594004505599994,0.027185139999999997
AUS-002412,2026-08-31,credit_card,VIC,A,CURRENT,0,1851.13,0.016938,0.023988,1.4162238753099536,0.053165434705909176,0.62,Stage 1,performing,27.531041992800002,0.01487256
AUS-001454,2026-08-31,credit_card,VIC,A,CURRENT,0,1608.18,0.019471,0.027576,1.416260079091983,0.05878837463257991,0.62,Stage 1,performing,27.495246441600003,0.01709712
AUS-001525,2026-08-31,auto_loan,WA,A,CURRENT,0,1894.26,0.02697,0.038196,1.4162402669632925,0.03819600000000001,0.38,Stage 1,performing,27.4941988848,0.01451448
AUS-000623,2026-08-31,credit_card,VIC,A,CURRENT,0,1763.63,0.017738,0.025121,1.4162250535573346,0.05763676214794633,0.62,Stage 1,performing,27.468572522600002,0.01557502
AUS-000042,2026-08-31,credit_card,QLD,B,CURRENT,0,629.33,0.049585,0.070225,1.4162549158011495,0.07022499999999998,0.62,Stage 1,performing,27.400713534999998,0.043539499999999995
AUS-002851,2026-08-31,personal_loan,NSW,A,CURRENT,0,1656.3,0.018745,0.026548,1.4162710056014935,0.026548000000000016,0.62,Stage 1,performing,27.262300488,0.01645976
AUS-002854,2026-08-31,personal_loan,NSW,A,CURRENT,0,1268.01,0.024413,0.034575,1.416253635358211,0.04303032453603817,0.62,Stage 1,performing,27.181696365,0.0214365
AUS-001948,2026-08-31,credit_card,NSW,B,CURRENT,0,687.37,0.045024,0.063765,1.416244669509595,0.06376499999999996,0.62,Stage 1,performing,27.174691791,0.0395343
AUS-000978,2026-08-31,personal_loan,VIC,A,CURRENT,0,1891.5,0.016312,0.023102,1.4162579695929378,0.023101999999999956,0.62,Stage 1,performing,27.09240846,0.014323240000000001
AUS-001611,2026-08-31,personal_loan,SA,C,CURRENT,0,310.89,0.099027,0.140247,1.4162501136053804,0.140247,0.62,Stage 1,performing,27.0328616946,0.08695314000000001
AUS-000003,2026-08-31,credit_card,SA,B,CURRENT,0,602.82,0.050679,0.071774,1.4162473608397956,0.18520612655468072,0.62,Stage 1,performing,26.825417661600007,0.044499880000000006
AUS-000282,2026-08-31,personal_loan,VIC,A,CURRENT,0,1749.57,0.017354,0.024578,1.4162729053820444,0.0286151979774113,0.62,Stage 1,performing,26.6605775052,0.01523836
AUS-000712,2026-08-31,auto_loan,QLD,B,CURRENT,0,1410.94,0.034927,0.049465,1.416239585421021,0.04946499999999998,0.38,Stage 1,performing,26.521015898,0.0187967
AUS-001966,2026-08-31,personal_loan,WA,C,CURRENT,0,294.62,0.102305,0.144889,1.416245540296173,0.14488900000000005,0.62,Stage 1,performing,26.4660622516,0.08983118
AUS-001306,2026-08-31,credit_card,NSW,B,CURRENT,0,997.59,0.030124,0.042663,1.4162461824458903,0.05304126316887181,0.62,Stage 1,performing,26.387312945399998,0.02645106
AUS-002508,2026-08-31,credit_card,QLD,B,CURRENT,0,812.95,0.036583,0.051811,1.4162589180767025,0.05181100000000005,0.62,Stage 1,performing,26.114246519000005,0.03212282
AUS-002910,2026-08-31,auto_loan,NSW,B,CURRENT,0,1515.3,0.031945,0.045242,1.4162466739708874,0.045242000000000004,0.38,Stage 1,performing,26.050976988,0.01719196
AUS-001789,2026-08-31,credit_card,QLD,A,CURRENT,0,1648.74,0.017873,0.025313,1.4162703519274884,0.07403297534633935,0.62,Stage 1,performing,25.8754244844,0.01569406
AUS-002099,2026-08-31,personal_loan,NSW,A,CURRENT,0,1074.48,0.027414,0.038825,1.4162471729773107,0.038825,0.62,Stage 1,performing,25.864345319999998,0.0240715
AUS-001375,2026-08-31,credit_card,VIC,A,CURRENT,0,1687.38,0.017408,0.024654,1.4162454044117647,0.024653999999999954,0.62,Stage 1,performing,25.7924132424,0.015285479999999999
AUS-000953,2026-08-31,personal_loan,VIC,A,CURRENT,0,1288.15,0.022779,0.032261,1.4162605908951227,0.03753572672818384,0.62,Stage 1,performing,25.765344433000003,0.02000182
AUS-001679,2026-08-31,credit_card,VIC,A,CURRENT,0,1002.84,0.028891,0.040917,1.4162541968086948,0.04091699999999998,0.62,Stage 1,performing,25.440586653600004,0.025368540000000002
AUS-001486,2026-08-31,personal_loan,QLD,A,CURRENT,0,1876.39,0.015428,0.02185,1.416256157635468,0.053733101675511485,0.62,Stage 1,performing,25.41945533,0.013547
AUS-001669,2026-08-31,personal_loan,NSW,C,CURRENT,0,376.76,0.076391,0.108189,1.4162532235472765,0.10818899999999998,0.62,Stage 1,performing,25.2719983368,0.06707718
AUS-000430,2026-08-31,credit_card,VIC,A,CURRENT,0,1238.26,0.023194,0.032849,1.4162714495128053,0.043557101463363335,0.62,Stage 1,performing,25.218873698800003,0.020366380000000003
AUS-001815,2026-08-31,credit_card,NSW,B,CURRENT,0,881.45,0.032475,0.045993,1.4162586605080834,0.08629256420789311,0.62,Stage 1,performing,25.135128507,0.028515659999999998
AUS-002962,2026-08-31,credit_card,NSW,C,CURRENT,0,375.38,0.07624,0.107975,1.4162513116474291,0.10797500000000004,0.62,Stage 1,performing,25.12962641,0.0669445
AUS-002348,2026-08-31,credit_card,WA,B,CURRENT,0,794.9,0.035994,0.050977,1.4162638217480692,0.09935534547100011,0.62,Stage 1,performing,25.123402726,0.03160574
AUS-000272,2026-08-31,personal_loan,WA,A,CURRENT,0,1374.61,0.020767,0.029411,1.4162372995618047,0.029410999999999965,0.62,Stage 1,performing,25.065765920199997,0.01823482
AUS-002215,2026-08-31,credit_card,NSW,B,CURRENT,0,709.39,0.040101,0.056793,1.416248971347348,0.07047993511579509,0.62,Stage 1,performing,24.9787994874,0.03521166
AUS-000150,2026-08-31,personal_loan,NSW,A,CURRENT,0,1252.04,0.022709,0.032162,1.4162666784094413,0.032162000000000024,0.62,Stage 1,performing,24.9662284976,0.01994044
AUS-002141,2026-08-31,credit_card,NSW,B,CURRENT,0,838.77,0.033894,0.048002,1.4162388623355167,0.05577526006434519,0.62,Stage 1,performing,24.9628352748,0.02976124
AUS-000784,2026-08-31,auto_loan,NSW,B,CURRENT,0,1496.87,0.030974,0.043867,1.4162523406728225,0.04386699999999999,0.38,Stage 1,performing,24.952014590199997,0.01666946
AUS-002478,2026-08-31,personal_loan,NSW,B,CURRENT,0,863.29,0.032889,0.046579,1.4162485937547509,0.04657900000000004,0.62,Stage 1,performing,24.9309346442,0.028878980000000002
AUS-002092,2026-08-31,credit_card,QLD,A,CURRENT,0,1736.8,0.016317,0.023109,1.416252987681559,0.056775069192369854,0.62,Stage 1,performing,24.884140944000002,0.014327580000000001
AUS-002359,2026-08-31,credit_card,VIC,A,CURRENT,0,1656.22,0.017106,0.024226,1.4162282240149655,0.07093152098901512,0.62,Stage 1,performing,24.8766231464,0.01502012
AUS-002504,2026-08-31,credit_card,VIC,A,CURRENT,0,1876.91,0.015086,0.021366,1.41627999469707,0.06104983652472551,0.62,Stage 1,performing,24.8632766172,0.013246919999999999
AUS-000327,2026-08-31,credit_card,VIC,A,CURRENT,0,1690.5,0.016748,0.023719,1.4162288034392168,0.054471507415622455,0.62,Stage 1,performing,24.86012109,0.01470578
AUS-002274,2026-08-31,credit_card,VIC,A,CURRENT,0,1173.01,0.024123,0.034164,1.416241760975003,0.09379538652002561,0.62,Stage 1,performing,24.846322456800003,0.02118168
AUS-001767,2026-08-31,credit_card,NSW,B,CURRENT,0,892.97,0.031372,0.044431,1.416262909600918,0.04804323782822373,0.62,Stage 1,performing,24.598841043399997,0.027547219999999994
AUS-001593,2026-08-31,credit_card,QLD,B,CURRENT,0,532.16,0.052376,0.074178,1.4162593554299678,0.08599463280572517,0.62,Stage 1,performing,24.474229977599997,0.045990359999999994
AUS-002667,2026-08-31,credit_card,VIC,B,CURRENT,0,815.7,0.034003,0.048157,1.416257389053907,0.05595461442259142,0.62,Stage 1,performing,24.354632238,0.02985734
AUS-000348,2026-08-31,personal_loan,VIC,B,CURRENT,0,582.33,0.047584,0.067391,1.4162533624747815,0.06739099999999998,0.62,Stage 1,performing,24.331156638600003,0.04178242
AUS-001392,2026-08-31,credit_card,QLD,B,CURRENT,0,557.77,0.049674,0.070351,1.416253975923018,0.07598520791273611,0.62,Stage 1,performing,24.328599907399997,0.043617619999999996
AUS-000295,2026-08-31,credit_card,VIC,A,CURRENT,0,1221.08,0.022687,0.03213,1.4162295587781548,0.047805775214214474,0.62,Stage 1,performing,24.324646247999997,0.0199206
AUS-002822,2026-08-31,auto_loan,WA,A,CURRENT,0,2618.07,0.017222,0.024391,1.416269887353385,0.02439100000000005,0.38,Stage 1,performing,24.265791240600002,0.00926858
AUS-001007,2026-08-31,credit_card,VIC,C,CURRENT,0,378.55,0.072761,0.103048,1.4162532125726692,0.10304800000000003,0.62,Stage 1,performing,24.185468648,0.06388976
AUS-001890,2026-08-31,personal_loan,SA,A,CURRENT,0,1551.57,0.017749,0.025137,1.4162488027494506,0.025136999999999965,0.62,Stage 1,performing,24.1811253558,0.01558494
AUS-000810,2026-08-31,credit_card,VIC,A,CURRENT,0,977.94,0.028112,0.039814,1.416263517359135,0.10267937151320328,0.62,Stage 1,performing,24.140135959200002,0.02468468
AUS-001852,2026-08-31,credit_card,SA,C,CURRENT,0,306.72,0.089592,0.126885,1.416253683364586,0.12688500000000003,0.62,Stage 1,performing,24.129263664,0.0786687
AUS-001654,2026-08-31,personal_loan,WA,A,CURRENT,0,1472.35,0.018555,0.026279,1.4162759364052817,0.026279000000000052,0.62,Stage 1,performing,23.988969102999995,0.01629298
AUS-000440,2026-08-31,auto_loan,VIC,A,CURRENT,0,2780.54,0.016022,0.022691,1.4162401697665707,0.022691000000000017,0.38,Stage 1,performing,23.975428593199997,0.00862258
AUS-001222,2026-08-31,personal_loan,VIC,B,CURRENT,0,878.15,0.031017,0.043928,1.4162556017667731,0.04392799999999997,0.62,Stage 1,performing,23.916731384,0.02723536
AUS-002218,2026-08-31,credit_card,VIC,A,CURRENT,0,1504.92,0.017843,0.02527,1.4162416633974106,0.025270000000000015,0.62,Stage 1,performing,23.578183608000003,0.0156674
AUS-000774,2026-08-31,credit_card,NSW,A,CURRENT,0,1762.46,0.015199,0.021526,1.4162773866701757,0.04778306143672051,0.62,Stage 1,performing,23.522002655199998,0.013346119999999998
AUS-001986,2026-08-31,credit_card,NT,A,CURRENT,0,1620.84,0.016338,0.023139,1.41626882115314,0.03826677744327589,0.62,Stage 1,performing,23.252862391199997,0.014346179999999998
AUS-001025,2026-08-31,auto_loan,VIC,A,CURRENT,0,2238.33,0.019263,0.027281,1.4162383844676323,0.027281,0.38,Stage 1,performing,23.2042746774,0.01036678
AUS-001445,2026-08-31,personal_loan,VIC,B,CURRENT,0,456.06,0.057672,0.081678,1.4162505201831044,0.08167800000000003,0.62,Stage 1,performing,23.0950425816,0.05064036
AUS-002757,2026-08-31,credit_card,VIC,A,CURRENT,0,1420.56,0.018503,0.026205,1.4162568232178567,0.06629902467218929,0.62,Stage 1,performing,23.079980375999998,0.0162471
AUS-001910,2026-08-31,credit_card,WA,B,CURRENT,0,447.0,0.058648,0.08306,1.41624607829764,0.09621650704856943,0.62,Stage 1,performing,23.0192484,0.0514972
AUS-000362,2026-08-31,personal_loan,VIC,A,CURRENT,0,1516.95,0.017281,0.024474,1.4162374862565823,0.026486258264635687,0.62,Stage 1,performing,23.018017265999998,0.015173879999999997
AUS-002263,2026-08-31,auto_loan,WA,A,CURRENT,0,2225.19,0.019177,0.027159,1.4162277728528967,0.027159000000000044,0.38,Stage 1,performing,22.9648953798,0.01032042
AUS-000813,2026-08-31,credit_card,QLD,A,CURRENT,0,1665.95,0.015621,0.022123,1.4162345560463478,0.05086088063187755,0.62,Stage 1,performing,22.850603347000003,0.013716260000000001
AUS-001429,2026-08-31,auto_loan,NSW,A,CURRENT,0,2524.54,0.016781,0.023766,1.416244562302604,0.023765999999999954,0.38,Stage 1,performing,22.7993227032,0.00903108
AUS-000731,2026-08-31,personal_loan,TAS,B,CURRENT,0,658.54,0.039348,0.055727,1.4162600386296635,0.05572699999999997,0.62,Stage 1,performing,22.753044319599997,0.034550739999999996
AUS-001439,2026-08-31,credit_card,NSW,A,CURRENT,0,1103.73,0.023402,0.033143,1.4162464746602854,0.05727737474434991,0.62,Stage 1,performing,22.6801725018,0.02054866
AUS-001188,2026-08-31,credit_card,QLD,A,CURRENT,0,1288.08,0.019988,0.028308,1.41624974984991,0.05807142257704023,0.62,Stage 1,performing,22.6070405568,0.01755096
AUS-000019,2026-08-31,credit_card,VIC,A,CURRENT,0,1405.34,0.01832,0.025946,1.4162663755458516,0.030204406425085928,0.62,Stage 1,performing,22.6070300168,0.01608652
AUS-002442,2026-08-31,personal_loan,ACT,A,CURRENT,0,1152.07,0.022151,0.031371,1.4162340300663627,0.03137100000000004,0.62,Stage 1,performing,22.4077845414,0.019450020000000002
AUS-002801,2026-08-31,credit_card,NSW,A,CURRENT,0,1135.58,0.022448,0.031792,1.4162508909479687,0.0421631181790465,0.62,Stage 1,performing,22.383462803199997,0.01971104
AUS-001911,2026-08-31,personal_loan,NSW,A,CURRENT,0,1675.31,0.015173,0.021489,1.416265735187504,0.02148899999999998,0.62,Stage 1,performing,22.3204566858,0.01332318
AUS-002368,2026-08-31,personal_loan,QLD,B,CURRENT,0,605.31,0.041981,0.059456,1.4162597365474858,0.05945599999999995,0.62,Stage 1,performing,22.3133730432,0.03686272
AUS-001699,2026-08-31,credit_card,SA,B,CURRENT,0,779.45,0.032402,0.045889,1.41623973828776,0.08967219967899986,0.62,Stage 1,performing,22.176272251,0.02845118
AUS-002655,2026-08-31,auto_loan,NSW,C,CURRENT,0,449.01,0.091166,0.129114,1.4162516727727443,0.12911399999999995,0.38,Stage 1,performing,22.0299213132,0.04906332
AUS-000163,2026-08-31,personal_loan,VIC,A,CURRENT,0,1103.73,0.022607,0.032017,1.4162427566682885,0.03201699999999996,0.62,Stage 1,performing,21.909636514199995,0.019850539999999996
AUS-001263,2026-08-31,personal_loan,VIC,A,CURRENT,0,906.46,0.027415,0.038826,1.4162319897866131,0.03882600000000003,0.62,Stage 1,performing,21.8204138952,0.024072120000000002
AUS-001451,2026-08-31,credit_card,NSW,A,CURRENT,0,1206.09,0.020561,0.02912,1.4162735275521618,0.05739202560000012,0.62,Stage 1,performing,21.775231295999998,0.018054399999999998
AUS-001066,2026-08-31,credit_card,SA,A,CURRENT,0,1499.75,0.016469,0.023324,1.4162365656688323,0.05543812277595883,0.62,Stage 1,performing,21.68770478,0.01446088
AUS-001080,2026-08-31,personal_loan,NSW,B,CURRENT,0,796.89,0.030899,0.043761,1.4162594258713874,0.04376100000000005,0.62,Stage 1,performing,21.621076039800002,0.027131820000000004
AUS-002472,2026-08-31,credit_card,NSW,B,CURRENT,0,500.47,0.049137,0.06959,1.4162443779636527,0.06959000000000004,0.62,Stage 1,performing,21.593178526,0.0431458
AUS-000511,2026-08-31,personal_loan,NSW,B,CURRENT,0,724.23,0.033764,0.047818,1.416242151403862,0.04781800000000003,0.62,Stage 1,performing,21.4713626868,0.02964716
AUS-000466,2026-08-31,auto_loan,NSW,A,CURRENT,0,1993.39,0.019922,0.028215,1.4162734665194259,0.02821499999999999,0.38,Stage 1,performing,21.372529563000004,0.0107217
AUS-002830,2026-08-31,auto_loan,WA,B,CURRENT,0,891.99,0.044361,0.062826,1.4162439981064452,0.06282600000000005,0.38,Stage 1,performing,21.295262221200005,0.023873880000000007
AUS-002410,2026-08-31,credit_card,NSW,A,CURRENT,0,1260.0,0.019241,0.02725,1.4162465568317655,0.03838383365187081,0.62,Stage 1,performing,21.2877,0.016895
AUS-001018,2026-08-31,credit_card,QLD,A,CURRENT,0,1597.42,0.015066,0.021337,1.416235231647418,0.05589176659511175,0.62,Stage 1,performing,21.132173334799997,0.013228939999999998
AUS-002269,2026-08-31,auto_loan,WA,B,CURRENT,0,822.81,0.047714,0.067575,1.4162509955149432,0.06757499999999994,0.38,Stage 1,performing,21.128526585,0.0256785
AUS-001812,2026-08-31,personal_loan,NSW,A,CURRENT,0,1555.91,0.015407,0.02182,1.4162393717141557,0.02181999999999995,0.62,Stage 1,performing,21.048972844,0.0135284
AUS-002381,2026-08-31,credit_card,QLD,A,CURRENT,0,1085.3,0.021966,0.031109,1.4162341800965128,0.04378370743513982,0.62,Stage 1,performing,20.932810574,0.019287580000000002
AUS-001414,2026-08-31,credit_card,VIC,A,CURRENT,0,995.55,0.023691,0.033552,1.4162340129162974,0.06065044339761527,0.62,Stage 1,performing,20.709670032,0.02080224
AUS-000074,2026-08-31,personal_loan,QLD,A,CURRENT,0,1527.31,0.015434,0.021858,1.4162239212129064,0.021858000000000044,0.62,Stage 1,performing,20.698044027599998,0.01355196
AUS-001786,2026-08-31,credit_card,NSW,A,CURRENT,0,1197.99,0.019585,0.027737,1.4162369160071482,0.03455019660694425,0.62,Stage 1,performing,20.601762150600003,0.01719694
AUS-002167,2026-08-31,credit_card,QLD,A,CURRENT,0,1244.91,0.018787,0.026607,1.4162452759887154,0.0630929030891616,0.62,Stage 1,performing,20.5364586294,0.016496339999999998
AUS-002812,2026-08-31,credit_card,QLD,A,CURRENT,0,1250.08,0.01864,0.026399,1.4162553648068668,0.03073057551323155,0.62,Stage 1,performing,20.4605343904,0.01636738
AUS-000753,2026-08-31,personal_loan,NSW,A,CURRENT,0,915.44,0.025022,0.035437,1.4162337143313886,0.03543700000000005,0.62,Stage 1,performing,20.1130773136,0.02197094
AUS-000132,2026-08-31,credit_card,ACT,A,CURRENT,0,1282.23,0.01777,0.025167,1.4162633652222845,0.04362571709488006,0.62,Stage 1,performing,20.0073270942,0.01560354
AUS-002035,2026-08-31,personal_loan,WA,B,CURRENT,0,672.29,0.033724,0.047762,1.4162614162021114,0.04776199999999997,0.62,Stage 1,performing,19.9081472876,0.02961244
AUS-002976,2026-08-31,credit_card,QLD,A,CURRENT,0,1378.73,0.016293,0.023075,1.4162523783219787,0.026868731449428807,0.62,Stage 1,performing,19.724800744999996,0.014306499999999996
AUS-002461,2026-08-31,credit_card,NSW,A,CURRENT,0,979.57,0.022837,0.032343,1.4162543241231333,0.05591189757117665,0.62,Stage 1,performing,19.642984156199997,0.020052659999999996
AUS-000264,2026-08-31,personal_loan,NSW,A,CURRENT,0,907.11,0.024637,0.034892,1.4162438608596826,0.034892000000000034,0.62,Stage 1,performing,19.6235469144,0.02163304
AUS-002338,2026-08-31,personal_loan,QLD,B,CURRENT,0,678.12,0.032842,0.046512,1.4162353084465011,0.046512,0.62,Stage 1,performing,19.555244812799998,0.028837439999999995
AUS-002057,2026-08-31,credit_card,NSW,C,CURRENT,0,224.18,0.099247,0.140559,1.4162543955988594,0.140559,0.62,Stage 1,performing,19.536520304399996,0.08714657999999997
AUS-001185,2026-08-31,personal_loan,NSW,A,CURRENT,0,1342.28,0.016549,0.023438,1.4162789292404374,0.02343799999999996,0.62,Stage 1,performing,19.5054223568,0.01453156
AUS-001208,2026-08-31,auto_loan,NSW,A,CURRENT,0,1395.07,0.025764,0.036488,1.4162397143300731,0.036487999999999965,0.38,Stage 1,performing,19.3432593808,0.01386544
AUS-000480,2026-08-31,personal_loan,QLD,A,CURRENT,0,1271.64,0.017306,0.02451,1.4162718132439618,0.024510000000000032,0.62,Stage 1,performing,19.324095768000003,0.015196200000000002
AUS-001135,2026-08-31,credit_card,WA,A,CURRENT,0,1213.77,0.017906,0.025359,1.4162291969172345,0.03779631636245717,0.62,Stage 1,performing,19.0835959266,0.01572258
AUS-000928,2026-08-31,credit_card,VIC,A,CURRENT,0,1372.9,0.015802,0.02238,1.4162764207062397,0.06388459249092837,0.62,Stage 1,performing,19.04981124,0.0138756
AUS-001388,2026-08-31,personal_loan,VIC,A,CURRENT,0,1377.44,0.015643,0.022154,1.4162245093652113,0.022154000000000007,0.62,Stage 1,performing,18.9197995712,0.013735479999999998
AUS-002425,2026-08-31,credit_card,WA,A,CURRENT,0,1368.28,0.015713,0.022254,1.4162795137784,0.036814180966635024,0.62,Stage 1,performing,18.8788159344,0.013797479999999999
AUS-001981,2026-08-31,credit_card,VIC,A,CURRENT,0,1376.42,0.015612,0.02211,1.4162182936202923,0.0596327106696779,0.62,Stage 1,performing,18.868240644,0.013708199999999999
AUS-001782,2026-08-31,auto_loan,VIC,A,CURRENT,0,1790.68,0.019507,0.027627,1.4162608294458399,0.027626999999999957,0.38,Stage 1,performing,18.7990242168,0.010498259999999999
AUS-000168,2026-08-31,credit_card,VIC,A,CURRENT,0,1337.88,0.015925,0.022554,1.4162637362637363,0.057228745929177816,0.62,Stage 1,performing,18.708218222400003,0.013983480000000001
AUS-001143,2026-08-31,credit_card,SA,A,CURRENT,0,1374.09,0.015505,0.021959,1.4162528216704289,0.05224468022525797,0.62,Stage 1,performing,18.707658232199996,0.013614579999999998
AUS-002037,2026-08-31,credit_card,NT,A,CURRENT,0,1317.51,0.016136,0.022853,1.4162741695587504,0.030354013901623733,0.62,Stage 1,performing,18.667614738599998,0.014168859999999998
AUS-002773,2026-08-31,credit_card,QLD,A,CURRENT,0,1328.33,0.015936,0.022569,1.4162274096385543,0.03182175244388874,0.62,Stage 1,performing,18.5870294574,0.013992780000000002
AUS-002690,2026-08-31,auto_loan,WA,A,CURRENT,0,2194.62,0.015591,0.022081,1.416265794368546,0.022081000000000017,0.38,Stage 1,performing,18.4145736036,0.00839078
AUS-001656,2026-08-31,personal_loan,VIC,B,CURRENT,0,391.18,0.053297,0.075482,1.4162523218942904,0.07548200000000005,0.62,Stage 1,performing,18.306770231199998,0.046798839999999994
AUS-001041,2026-08-31,personal_loan,QLD,C,CURRENT,0,288.61,0.072231,0.102297,1.4162478714125513,0.10229699999999997,0.62,Stage 1,performing,18.304841045400003,0.06342414
AUS-001321,2026-08-31,auto_loan,VIC,A,CURRENT,0,1360.77,0.024928,0.035304,1.4162387676508346,0.035304,0.38,Stage 1,performing,18.2554371504,0.013415519999999998
AUS-001518,2026-08-31,credit_card,VIC,A,CURRENT,0,1160.76,0.017905,0.025358,1.4162524434515498,0.05007297183600001,0.62,Stage 1,performing,18.2494222896,0.01572196
AUS-001476,2026-08-31,auto_loan,VIC,B,CURRENT,0,987.57,0.034314,0.048597,1.4162440986186398,0.048597,0.38,Stage 1,performing,18.237316930200002,0.01846686
AUS-002337,2026-08-31,credit_card,VIC,A,CURRENT,0,1215.04,0.017082,0.024192,1.41622760800843,0.047798747135999964,0.62,Stage 1,performing,18.2244335616,0.014999040000000002
AUS-000706,2026-08-31,auto_loan,NSW,C,CURRENT,0,436.99,0.077455,0.109696,1.416254599444839,0.10969600000000002,0.38,Stage 1,performing,18.215700915200003,0.04168448
AUS-002818,2026-08-31,auto_loan,NSW,A,CURRENT,0,1178.53,0.028487,0.040345,1.4162600484431496,0.040344999999999964,0.38,Stage 1,performing,18.068161283,0.015331099999999999
AUS-002704,2026-08-31,credit_card,VIC,B,CURRENT,0,446.02,0.04593,0.065048,1.416242107554975,0.065048,0.62,Stage 1,performing,17.9878795552,0.04032976
AUS-002311,2026-08-31,credit_card,NSW,C,CURRENT,0,188.58,0.108421,0.153551,1.4162477748775606,0.153551,0.62,Stage 1,performing,17.9531214996,0.09520162
AUS-002276,2026-08-31,personal_loan,NSW,B,CURRENT,0,445.42,0.045875,0.06497,1.4162397820163488,0.06496999999999997,0.62,Stage 1,performing,17.942141188,0.0402814
AUS-002611,2026-08-31,credit_card,NSW,C,CURRENT,0,243.57,0.083198,0.117829,1.4162479867304505,0.11782899999999996,0.62,Stage 1,performing,17.7937579086,0.07305398
AUS-000130,2026-08-31,auto_loan,NSW,B,CURRENT,0,500.06,0.065925,0.093366,1.416245733788396,0.09336600000000006,0.38,Stage 1,performing,17.741668744800002,0.03547908
AUS-000829,2026-08-31,credit_card,VIC,A,CURRENT,0,866.78,0.023173,0.032819,1.416260302938765,0.03281900000000004,0.62,Stage 1,performing,17.637048748399998,0.02034778
AUS-002225,2026-08-31,credit_card,VIC,A,CURRENT,0,1044.21,0.019219,0.027219,1.4162547479057184,0.027218999999999993,0.62,Stage 1,performing,17.6218582338,0.01687578
AUS-001131,2026-08-31,credit_card,NSW,A,CURRENT,0,920.27,0.021586,0.030571,1.4162420087093486,0.04550422374263985,0.62,Stage 1,performing,17.442815985400003,0.018954020000000002
AUS-000974,2026-08-31,credit_card,WA,A,CURRENT,0,1135.21,0.017423,0.024675,1.416231418240257,0.07027975173102496,0.62,Stage 1,performing,17.367010185,0.015298500000000001
AUS-002301,2026-08-31,credit_card,NSW,A,CURRENT,0,1236.24,0.015956,0.022598,1.4162697417899222,0.022598000000000007,0.62,Stage 1,performing,17.3206619424,0.01401076
AUS-001021,2026-08-31,credit_card,NSW,A,CURRENT,0,1088.07,0.0181,0.025634,1.4162430939226518,0.04028262302289287,0.62,Stage 1,performing,17.2927835556,0.01589308
AUS-001229,2026-08-31,credit_card,VIC,A,CURRENT,0,1144.69,0.017135,0.024267,1.4162241027137437,0.06149109102457939,0.62,Stage 1,performing,17.2224791826,0.01504554
AUS-002624,2026-08-31,credit_card,NSW,A,CURRENT,0,838.3,0.02334,0.033055,1.4162382176520996,0.03305500000000006,0.62,Stage 1,performing,17.18020403,0.0204941
AUS-001273,2026-08-31,personal_loan,VIC,A,CURRENT,0,1254.84,0.015586,0.022074,1.4162710124470679,0.022074000000000038,0.62,Stage 1,performing,17.173589659199997,0.01368588
AUS-000987,2026-08-31,personal_loan,NSW,A,CURRENT,0,804.22,0.024205,0.03428,1.4162363148109893,0.03427999999999998,0.62,Stage 1,performing,17.092570192,0.0212536
AUS-000342,2026-08-31,credit_card,WA,B,CURRENT,0,625.34,0.031097,0.044041,1.4162459401228413,0.0827059136332351,0.62,Stage 1,performing,17.075171342799997,0.027305419999999993
AUS-002700,2026-08-31,credit_card,VIC,B,CURRENT,0,500.45,0.03876,0.054894,1.4162538699690401,0.12342742145260532,0.62,Stage 1,performing,17.032455426,0.03403428
AUS-000528,2026-08-31,credit_card,NSW,A,CURRENT,0,1247.82,0.015504,0.021958,1.4162796697626419,0.030964251423314937,0.62,Stage 1,performing,16.9877715672,0.01361396
AUS-002396,2026-08-31,credit_card,VIC,B,CURRENT,0,289.32,0.066622,0.094353,1.4162438834018793,0.09435300000000002,0.62,Stage 1,performing,16.9248901752,0.05849886000000001
AUS-002004,2026-08-31,auto_loan,VIC,A,CURRENT,0,1279.32,0.024573,0.034802,1.4162698897163553,0.034802,0.38,Stage 1,performing,16.918699963199998,0.013224759999999999
AUS-000298,2026-08-31,credit_card,QLD,A,CURRENT,0,1125.13,0.017059,0.02416,1.4162612110909196,0.039941508173088947,0.62,Stage 1,performing,16.853547296000002,0.0149792
AUS-000922,2026-08-31,credit_card,NSW,B,CURRENT,0,393.09,0.048601,0.068831,1.4162465792884922,0.06883099999999998,0.62,Stage 1,performing,16.775202229799998,0.04267522
AUS-001601,2026-08-31,credit_card,NSW,A,CURRENT,0,875.75,0.021772,0.030835,1.4162686018739667,0.06560953657675006,0.62,Stage 1,performing,16.742325775,0.0191177
AUS-000513,2026-08-31,personal_loan,WA,A,CURRENT,0,1253.58,0.015169,0.021483,1.416243654822335,0.02148300000000003,0.62,Stage 1,performing,16.697008666799995,0.013319459999999997
AUS-000803,2026-08-31,credit_card,VIC,B,CURRENT,0,533.67,0.035616,0.050441,1.416245507637017,0.05044099999999996,0.62,Stage 1,performing,16.689686051399995,0.031273419999999996
AUS-002646,2026-08-31,credit_card,QLD,A,CURRENT,0,728.38,0.025793,0.036529,1.4162369635172334,0.04840636271198351,0.62,Stage 1,performing,16.496335672399997,0.022647979999999995
AUS-001737,2026-08-31,credit_card,WA,A,CURRENT,0,1100.14,0.016927,0.023973,1.4162580492703964,0.04544304945858779,0.62,Stage 1,performing,16.3516668564,0.01486326
AUS-000340,2026-08-31,credit_card,QLD,A,CURRENT,0,949.54,0.019604,0.027764,1.4162415833503368,0.03458370998527471,0.62,Stage 1,performing,16.345077707199998,0.01721368
AUS-002103,2026-08-31,credit_card,NSW,B,CURRENT,0,568.29,0.032411,0.045902,1.4162475702693529,0.06440032397197415,0.62,Stage 1,performing,16.173101499599998,0.028459239999999997
AUS-002934,2026-08-31,credit_card,VIC,A,CURRENT,0,962.92,0.019068,0.027005,1.4162471155863225,0.035843623017650095,0.62,Stage 1,performing,16.122265851999998,0.0167431
AUS-002436,2026-08-31,credit_card,NSW,B,CURRENT,0,277.4,0.06595,0.093402,1.416254738438211,0.09340199999999999,0.62,Stage 1,performing,16.064023176,0.05790924
AUS-000246,2026-08-31,credit_card,NSW,A,CURRENT,0,608.48,0.02976,0.042148,1.4162634408602148,0.04214799999999996,0.62,Stage 1,performing,15.900653324799999,0.026131759999999997
AUS-001746,2026-08-31,auto_loan,WA,A,CURRENT,0,1617.85,0.018099,0.025633,1.4162660920492844,0.025633000000000017,0.38,Stage 1,performing,15.758732639,0.00974054
AUS-002068,2026-08-31,credit_card,ACT,A,CURRENT,0,807.85,0.022118,0.031325,1.4162672936070169,0.03132500000000005,0.62,Stage 1,performing,15.689658774999998,0.019421499999999998
AUS-000388,2026-08-31,credit_card,QLD,C,CURRENT,0,199.2,0.089556,0.126834,1.4162535173522712,0.126834,0.62,Stage 1,performing,15.664506335999999,0.07863708
AUS-002715,2026-08-31,credit_card,TAS,B,CURRENT,0,291.32,0.060951,0.086322,1.4162523994684255,0.08632200000000001,0.62,Stage 1,performing,15.591341524799999,0.05351964
AUS-001352,2026-08-31,credit_card,QLD,A,CURRENT,0,905.54,0.019562,0.027705,1.4162662304467846,0.0367683670997665,0.62,Stage 1,performing,15.554551134,0.0171771
AUS-002824,2026-08-31,credit_card,NSW,B,CURRENT,0,291.05,0.060849,0.086177,1.4162434879784385,0.08617699999999995,0.62,Stage 1,performing,15.550725827,0.05342974
AUS-001978,2026-08-31,credit_card,QLD,A,CURRENT,0,1156.84,0.015274,0.021632,1.4162629304700798,0.04279605657599994,0.62,Stage 1,performing,15.515352985599998,0.01341184
AUS-000023,2026-08-31,credit_card,QLD,A,CURRENT,0,712.79,0.024607,0.03485,1.4162636648108262,0.04900991737248617,0.62,Stage 1,performing,15.401253529999998,0.021606999999999998
AUS-001717,2026-08-31,personal_loan,VIC,A,CURRENT,0,930.96,0.018836,0.026676,1.4162242514334253,0.026676000000000033,0.62,Stage 1,performing,15.397259155199999,0.016539119999999997
AUS-002370,2026-08-31,auto_loan,QLD,A,CURRENT,0,974.3,0.029142,0.041272,1.4162377324823279,0.041271999999999975,0.38,Stage 1,performing,15.280297648,0.01568336
AUS-001203,2026-08-31,credit_card,NSW,A,CURRENT,0,983.85,0.017657,0.025007,1.416265503766212,0.039304614523251846,0.62,Stage 1,performing,15.253944909000001,0.01550434
AUS-002347,2026-08-31,credit_card,NSW,A,CURRENT,0,597.01,0.029082,0.041187,1.4162368475345575,0.041186999999999974,0.62,Stage 1,performing,15.2452115394,0.02553594
AUS-000024,2026-08-31,credit_card,NSW,A,CURRENT,0,676.67,0.025533,0.036161,1.4162456428935104,0.036161,0.62,Stage 1,performing,15.1708195994,0.02241982
AUS-001339,2026-08-31,credit_card,VIC,B,CURRENT,0,388.2,0.044352,0.062814,1.4162608225108224,0.06281400000000004,0.62,Stage 1,performing,15.118324775999998,0.038944679999999995
AUS-001385,2026-08-31,credit_card,NSW,B,CURRENT,0,452.17,0.037283,0.052802,1.416248692433549,0.052802000000000016,0.62,Stage 1,performing,14.802797810800001,0.03273724
AUS-000973,2026-08-31,personal_loan,NSW,C,CURRENT,0,131.92,0.126864,0.179671,1.4162488964560473,0.17967100000000003,0.62,Stage 1,performing,14.695362958399999,0.11139602
AUS-002954,2026-08-31,credit_card,WA,A,CURRENT,0,890.97,0.01856,0.026286,1.416271551724138,0.02628600000000003,0.62,Stage 1,performing,14.520423200400002,0.01629732
AUS-001833,2026-08-31,auto_loan,VIC,A,CURRENT,0,1742.28,0.015388,0.021793,1.416233428645698,0.02179299999999995,0.38,Stage 1,performing,14.4284130552,0.00828134
AUS-001256,2026-08-31,credit_card,WA,B,CURRENT,0,515.15,0.031847,0.045103,1.4162401482086224,0.045103000000000004,0.62,Stage 1,performing,14.405582478999998,0.027963859999999997
AUS-000942,2026-08-31,credit_card,QLD,A,CURRENT,0,1055.89,0.015459,0.021894,1.416262371434116,0.05034216933273383,0.62,Stage 1,performing,14.332946509200001,0.01357428
AUS-001413,2026-08-31,credit_card,NSW,A,CURRENT,0,798.0,0.020399,0.02889,1.4162458944065885,0.02888999999999997,0.62,Stage 1,performing,14.2936164,0.0179118
AUS-001795,2026-08-31,credit_card,QLD,B,CURRENT,0,393.1,0.041289,0.058476,1.4162609896098235,0.05847599999999997,0.62,Stage 1,performing,14.251887672000002,0.03625512
AUS-001821,2026-08-31,credit_card,VIC,A,CURRENT,0,906.68,0.017873,0.025313,1.4162703519274884,0.0540361440088305,0.62,Stage 1,performing,14.229490320799998,0.01569406
AUS-001023,2026-08-31,credit_card,SA,B,CURRENT,0,490.1,0.032544,0.04609,1.4162364798426748,0.07198844061903575,0.62,Stage 1,performing,14.00499958,0.0285758
AUS-000431,2026-08-31,credit_card,NSW,A,CURRENT,0,559.14,0.028281,0.040053,1.416251193380715,0.04331743261594112,0.62,Stage 1,performing,13.885045340399998,0.02483286
AUS-001997,2026-08-31,personal_loan,NSW,A,CURRENT,0,854.25,0.018322,0.025949,1.416275515773387,0.025949,0.62,Stage 1,performing,13.743498615,0.01608838
AUS-000334,2026-08-31,credit_card,WA,B,CURRENT,0,468.63,0.033263,0.047109,1.4162583050235997,0.09927201882034042,0.62,Stage 1,performing,13.687548215399998,0.029207579999999997
AUS-001070,2026-08-31,personal_loan,QLD,A,CURRENT,0,781.18,0.019399,0.027474,1.4162585700293828,0.027474,0.62,Stage 1,performing,13.306526378399997,0.017033879999999998
AUS-000968,2026-08-31,personal_loan,VIC,A,CURRENT,0,706.16,0.02138,0.030279,1.4162301216089803,0.030278999999999945,0.62,Stage 1,performing,13.256727556800001,0.01877298
AUS-002074,2026-08-31,credit_card,QLD,A,CURRENT,0,778.95,0.019217,0.027216,1.4162460321590258,0.05586476450172684,0.62,Stage 1,performing,13.143939984000001,0.01687392
AUS-002335,2026-08-31,personal_loan,WA,A,CURRENT,0,843.03,0.01759,0.024912,1.4162592382035246,0.024912000000000045,0.62,Stage 1,performing,13.0209692832,0.01544544
AUS-000853,2026-08-31,credit_card,NSW,B,CURRENT,0,242.16,0.061211,0.08669,1.4162487134665338,0.08669000000000004,0.62,Stage 1,performing,13.015567248,0.0537478
AUS-000152,2026-08-31,credit_card,QLD,B,CURRENT,0,468.57,0.031303,0.044333,1.416254033159761,0.044332999999999956,0.62,Stage 1,performing,12.879330562199998,0.027486459999999997
AUS-002898,2026-08-31,personal_loan,NSW,A,CURRENT,0,759.5,0.019295,0.027327,1.4162736460222856,0.02732699999999999,0.62,Stage 1,performing,12.868011030000002,0.01694274
AUS-000894,2026-08-31,personal_loan,NSW,B,CURRENT,0,418.73,0.034444,0.048781,1.416240854720706,0.04878099999999996,0.62,Stage 1,performing,12.6641622406,0.03024422
AUS-000456,2026-08-31,personal_loan,VIC,A,CURRENT,0,723.43,0.019861,0.028128,1.4162428880721012,0.028128000000000042,0.62,Stage 1,performing,12.6161562048,0.01743936
AUS-002441,2026-08-31,credit_card,NSW,A,CURRENT,0,651.02,0.022069,0.031255,1.4162399746250396,0.0338150607421045,0.62,Stage 1,performing,12.615530662,0.0193781
AUS-001484,2026-08-31,personal_loan,NSW,B,CURRENT,0,430.77,0.033253,0.047095,1.4162631942982589,0.047095,0.62,Stage 1,performing,12.578010153,0.0291989
AUS-002407,2026-08-31,auto_loan,QLD,A,CURRENT,0,906.82,0.02535,0.035902,1.4162524654832347,0.03590199999999999,0.38,Stage 1,performing,12.371527623200002,0.013642760000000002
AUS-001027,2026-08-31,credit_card,WA,A,CURRENT,0,587.65,0.02393,0.033891,1.4162557459256162,0.036662857681362016,0.62,Stage 1,performing,12.347948612999998,0.021012419999999997
AUS-000688,2026-08-31,credit_card,NSW,A,CURRENT,0,873.39,0.015828,0.022416,1.4162244124336618,0.02241599999999999,0.62,Stage 1,performing,12.138304348799998,0.013897919999999998
AUS-001676,2026-08-31,credit_card,QLD,A,CURRENT,0,586.76,0.023322,0.03303,1.4162593259583225,0.041115605894982865,0.62,Stage 1,performing,12.016023336,0.0204786
AUS-001728,2026-08-31,credit_card,NSW,A,CURRENT,0,625.6,0.021795,0.030867,1.4162422573984859,0.05091384805981902,0.62,Stage 1,performing,11.972445023999999,0.019137539999999998
AUS-000167,2026-08-31,credit_card,NSW,A,CURRENT,0,896.54,0.015112,0.021402,1.416225516146109,0.021402000000000032,0.62,Stage 1,performing,11.896404429599999,0.01326924
AUS-002584,2026-08-31,personal_loan,QLD,A,CURRENT,0,719.27,0.018722,0.026515,1.4162482640743512,0.026514999999999955,0.62,Stage 1,performing,11.824295311,0.0164393
AUS-000291,2026-08-31,credit_card,QLD,A,CURRENT,0,854.82,0.015529,0.021993,1.4162534612660185,0.054078910932726765,0.62,Stage 1,performing,11.6560348812,0.013635659999999999
AUS-001607,2026-08-31,credit_card,SA,B,CURRENT,0,418.73,0.031681,0.044868,1.4162431741422303,0.04486800000000002,0.62,Stage 1,performing,11.6482981368,0.027818159999999998
AUS-000321,2026-08-31,credit_card,NSW,A,CURRENT,0,480.59,0.027458,0.038887,1.416235705441037,0.038887000000000005,0.62,Stage 1,performing,11.5869960646,0.02410994
AUS-000686,2026-08-31,personal_loan,VIC,B,CURRENT,0,327.84,0.040153,0.056867,1.416257813861978,0.056867,0.62,Stage 1,performing,11.558831913599999,0.03525754
AUS-002961,2026-08-31,auto_loan,NSW,A,CURRENT,0,1029.44,0.020732,0.029362,1.4162647115570133,0.029362,0.38,Stage 1,performing,11.486038566400001,0.01115756
AUS-000159,2026-08-31,auto_loan,QLD,B,CURRENT,0,360.99,0.058984,0.083536,1.4162484741624848,0.08353600000000005,0.38,Stage 1,performing,11.459151043200002,0.03174368
AUS-002318,2026-08-31,auto_loan,NSW,B,CURRENT,0,456.87,0.046533,0.065902,1.41624223669224,0.06590200000000002,0.38,Stage 1,performing,11.4412857612,0.025042759999999997
AUS-000711,2026-08-31,credit_card,VIC,A,CURRENT,0,589.84,0.02162,0.030619,1.4162349676225716,0.030618999999999952,0.62,Stage 1,performing,11.197392795199999,0.01898378
AUS-000214,2026-08-31,credit_card,QLD,A,CURRENT,0,450.23,0.027926,0.03955,1.4162429277375923,0.039549999999999974,0.62,Stage 1,performing,11.040089830000001,0.024521
AUS-002528,2026-08-31,credit_card,NT,A,CURRENT,0,587.85,0.021214,0.030044,1.4162345620816443,0.03004399999999996,0.62,Stage 1,performing,10.950046548,0.01862728
AUS-001979,2026-08-31,auto_loan,VIC,A,CURRENT,0,711.22,0.028438,0.040275,1.4162388353611364,0.04027499999999995,0.38,Stage 1,performing,10.88486649,0.0153045
AUS-000397,2026-08-31,credit_card,VIC,A,CURRENT,0,455.29,0.027227,0.03856,1.4162412311308625,0.03856000000000004,0.62,Stage 1,performing,10.884709088,0.023907199999999997
AUS-002795,2026-08-31,credit_card,VIC,B,CURRENT,0,282.41,0.043861,0.062118,1.4162467795991884,0.06211800000000001,0.62,Stage 1,performing,10.876501515600001,0.03851316
AUS-001276,2026-08-31,personal_loan,VIC,B,CURRENT,0,360.87,0.03431,0.048592,1.4162634800349754,0.04859199999999997,0.62,Stage 1,performing,10.871944924800001,0.030127040000000004
AUS-001581,2026-08-31,credit_card,VIC,A,CURRENT,0,713.63,0.017313,0.02452,1.4162767862300008,0.030555475621795503,0.62,Stage 1,performing,10.848888711999999,0.0152024
AUS-000913,2026-08-31,credit_card,SA,A,CURRENT,0,669.05,0.018206,0.025784,1.4162364055805778,0.06321884666387712,0.62,Stage 1,performing,10.695486824,0.01598608
AUS-001816,2026-08-31,auto_loan,NSW,A,CURRENT,0,1079.24,0.018265,0.025868,1.4162606077196824,0.025868000000000002,0.38,Stage 1,performing,10.6087565216,0.00982984
AUS-001560,2026-08-31,credit_card,WA,A,CURRENT,0,769.76,0.015656,0.022173,1.41626213592233,0.029454202875179747,0.62,Stage 1,performing,10.582090857599999,0.013747259999999999
AUS-001889,2026-08-31,credit_card,TAS,C,CURRENT,0,158.87,0.074126,0.104981,1.4162507082535143,0.10498099999999999,0.62,Stage 1,performing,10.340565511400001,0.06508822
AUS-000607,2026-08-31,credit_card,NSW,A,CURRENT,0,591.98,0.019541,0.027675,1.4162530064991559,0.029946381579946224,0.62,Stage 1,performing,10.15748883,0.0171585
AUS-002525,2026-08-31,credit_card,QLD,A,CURRENT,0,700.92,0.016375,0.023191,1.4162442748091602,0.02319099999999996,0.62,Stage 1,performing,10.078122146399998,0.014378419999999998
AUS-000995,2026-08-31,credit_card,QLD,B,CURRENT,0,218.44,0.052337,0.074122,1.4162447217073961,0.07412200000000002,0.62,Stage 1,performing,10.038550001599999,0.04595564
AUS-000583,2026-08-31,personal_loan,WA,B,CURRENT,0,345.62,0.032992,0.046725,1.416252424830262,0.046725000000000017,0.62,Stage 1,performing,10.01243859,0.028969500000000002
AUS-000276,2026-08-31,personal_loan,QLD,A,CURRENT,0,544.53,0.020775,0.029423,1.4162695547533095,0.03664247434056889,0.62,Stage 1,performing,9.933457837799999,0.01824226
AUS-000850,2026-08-31,credit_card,NSW,A,CURRENT,0,646.83,0.017469,0.02474,1.41622302364188,0.030828766440747057,0.62,Stage 1,performing,9.921596004000001,0.015338800000000001
AUS-001885,2026-08-31,personal_loan,ACT,A,CURRENT,0,653.55,0.017067,0.024171,1.4162418702759714,0.024171000000000054,0.62,Stage 1,performing,9.794113371,0.014986020000000001
AUS-000076,2026-08-31,personal_loan,NSW,A,CURRENT,0,508.36,0.021807,0.030884,1.4162424909432751,0.030884000000000023,0.62,Stage 1,performing,9.734117948800002,0.01914808
AUS-001597,2026-08-31,personal_loan,SA,C,CURRENT,0,134.99,0.081743,0.115769,1.4162558261869518,0.11576900000000001,0.62,Stage 1,performing,9.6891475322,0.07177678
AUS-002341,2026-08-31,personal_loan,NSW,A,CURRENT,0,572.31,0.01881,0.02664,1.4162679425837321,0.026639999999999997,0.62,Stage 1,performing,9.452729808,0.0165168
AUS-000236,2026-08-31,credit_card,WA,B,CURRENT,0,327.9,0.032829,0.046494,1.4162478296627983,0.046494000000000035,0.62,Stage 1,performing,9.452137211999998,0.028826279999999996
AUS-001075,2026-08-31,credit_card,NSW,B,CURRENT,0,187.48,0.057179,0.08098,1.4162542192063519,0.08098000000000005,0.62,Stage 1,performing,9.412920847999999,0.0502076
AUS-001266,2026-08-31,credit_card,VIC,A,CURRENT,0,641.16,0.016656,0.023589,1.4162463976945243,0.04851623557181317,0.62,Stage 1,performing,9.3770804088,0.01462518
AUS-001279,2026-08-31,credit_card,NSW,A,CURRENT,0,689.11,0.01545,0.021881,1.4162459546925568,0.02188100000000004,0.62,Stage 1,performing,9.348617864200001,0.013566220000000002
AUS-000613,2026-08-31,credit_card,WA,A,CURRENT,0,642.93,0.016487,0.02335,1.416267362164129,0.025271045012928872,0.62,Stage 1,performing,9.30769761,0.014477
AUS-001129,2026-08-31,auto_loan,SA,A,CURRENT,0,604.78,0.028523,0.040396,1.416260561652,0.04039599999999999,0.38,Stage 1,performing,9.2836632944,0.015350480000000001
AUS-002385,2026-08-31,personal_loan,QLD,A,CURRENT,0,494.05,0.021214,0.030044,1.4162345620816443,0.03004399999999996,0.62,Stage 1,performing,9.202807684,0.01862728
AUS-001817,2026-08-31,auto_loan,TAS,C,CURRENT,0,192.56,0.084647,0.119881,1.4162462934303637,0.11988100000000002,0.38,Stage 1,performing,8.772028436800001,0.04555478
AUS-001017,2026-08-31,auto_loan,NSW,A,CURRENT,0,1051.38,0.015361,0.021755,1.4162489421261637,0.02175499999999997,0.38,Stage 1,performing,8.691653322000002,0.0082669
AUS-000876,2026-08-31,credit_card,QLD,A,CURRENT,0,564.35,0.017287,0.024483,1.4162665586857177,0.024483000000000033,0.62,Stage 1,performing,8.566528251000001,0.015179460000000002
AUS-001578,2026-08-31,credit_card,WA,A,CURRENT,0,455.04,0.021346,0.030231,1.416237234142228,0.030231000000000008,0.62,Stage 1,performing,8.528914828800001,0.01874322
AUS-001866,2026-08-31,credit_card,QLD,B,CURRENT,0,296.3,0.032578,0.046139,1.4162625084412792,0.04613900000000004,0.62,Stage 1,performing,8.476011134,0.02860618
AUS-001650,2026-08-31,credit_card,SA,B,CURRENT,0,159.3,0.06031,0.085414,1.4162493782125685,0.08541399999999999,0.62,Stage 1,performing,8.435999124,0.05295668
AUS-001492,2026-08-31,credit_card,WA,A,CURRENT,0,628.14,0.015167,0.02148,1.4162326102723017,0.0267775169329465,0.62,Stage 1,performing,8.365317264,0.0133176
AUS-001796,2026-08-31,personal_loan,NSW,A,CURRENT,0,420.55,0.022552,0.031939,1.4162380276693864,0.03193900000000005,0.62,Stage 1,performing,8.327806799000001,0.019802180000000003
AUS-002711,2026-08-31,credit_card,NSW,A,CURRENT,0,533.33,0.017593,0.024916,1.416245097481953,0.02491600000000005,0.62,Stage 1,performing,8.2388391736,0.01544792
AUS-000535,2026-08-31,personal_loan,QLD,A,CURRENT,0,540.08,0.017227,0.024398,1.4162651651477332,0.02439800000000003,0.62,Stage 1,performing,8.1696605408,0.01512676
AUS-002418,2026-08-31,auto_loan,QLD,A,CURRENT,0,860.11,0.017589,0.02491,1.4162260503723918,0.024909999999999988,0.38,Stage 1,performing,8.141629238,0.0094658
AUS-001956,2026-08-31,credit_card,NSW,A,CURRENT,0,408.09,0.022661,0.032094,1.416265831163673,0.032093999999999956,0.62,Stage 1,performing,8.120289085199998,0.019898279999999997
AUS-001305,2026-08-31,credit_card,NSW,A,CURRENT,0,308.75,0.029724,0.042097,1.4162629524962993,0.04209700000000005,0.62,Stage 1,performing,8.058418225,0.02610014
AUS-002869,2026-08-31,credit_card,QLD,A,CURRENT,0,442.97,0.020421,0.028921,1.4162381861808921,0.031292989727150555,0.62,Stage 1,performing,7.9429039294,0.01793102
AUS-000645,2026-08-31,auto_loan,TAS,B,CURRENT,0,483.03,0.030412,0.043071,1.416250164408786,0.04307099999999997,0.38,Stage 1,performing,7.9057423494,0.01636698
AUS-001870,2026-08-31,credit_card,VIC,A,CURRENT,0,588.71,0.015292,0.021657,1.4162307088673816,0.021657000000000037,0.62,Stage 1,performing,7.9048093314,0.01342734
AUS-000096,2026-08-31,auto_loan,VIC,A,CURRENT,0,652.25,0.0223,0.031582,1.416233183856502,0.031582,0.38,Stage 1,performing,7.82775661,0.01200116
AUS-000194,2026-08-31,credit_card,NSW,A,CURRENT,0,580.42,0.015246,0.021592,1.4162403253312346,0.021592000000000056,0.62,Stage 1,performing,7.770105756799999,0.01338704
AUS-001342,2026-08-31,credit_card,VIC,A,CURRENT,0,451.22,0.01941,0.027489,1.4162287480680062,0.027488999999999986,0.62,Stage 1,performing,7.6902236796,0.017043179999999998
AUS-001539,2026-08-31,credit_card,VIC,A,CURRENT,0,356.54,0.023857,0.033787,1.4162300373056125,0.03378700000000001,0.62,Stage 1,performing,7.4687785276,0.020947939999999998
AUS-001105,2026-08-31,personal_loan,VIC,B,CURRENT,0,198.7,0.041533,0.058821,1.4162473214070739,0.05882100000000001,0.62,Stage 1,performing,7.246394273999999,0.03646902
AUS-002148,2026-08-31,credit_card,QLD,A,CURRENT,0,543.78,0.015155,0.021463,1.4162322665786868,0.023230651847902184,0.62,Stage 1,performing,7.236113086799999,0.013307059999999999
AUS-000280,2026-08-31,credit_card,NSW,A,CURRENT,0,316.19,0.02603,0.036865,1.4162504802151363,0.03686500000000004,0.62,Stage 1,performing,7.226933497,0.0228563
AUS-001968,2026-08-31,credit_card,VIC,A,CURRENT,0,392.52,0.020816,0.029481,1.4162663335895465,0.03911357902661594,0.62,Stage 1,performing,7.174566914400001,0.01827822
AUS-002609,2026-08-31,auto_loan,NSW,B,CURRENT,0,287.45,0.045705,0.06473,1.416256427086752,0.06472999999999995,0.38,Stage 1,performing,7.070522629999999,0.0245974
AUS-002494,2026-08-31,credit_card,VIC,A,CURRENT,0,421.07,0.019111,0.027066,1.4162524200722098,0.027066000000000034,0.62,Stage 1,performing,7.0659419844,0.01678092
AUS-001448,2026-08-31,auto_loan,NSW,A,CURRENT,0,765.17,0.017136,0.024269,1.4162581699346406,0.024268999999999985,0.38,Stage 1,performing,7.056566077399999,0.00922222
AUS-000552,2026-08-31,personal_loan,NSW,A,CURRENT,0,309.82,0.025813,0.036558,1.4162631232324798,0.03655799999999998,0.62,Stage 1,performing,7.0223677272,0.02266596
AUS-000408,2026-08-31,credit_card,QLD,B,CURRENT,0,249.1,0.031463,0.044559,1.416234942631027,0.044559000000000015,0.62,Stage 1,performing,6.881781078,0.02762658
AUS-000656,2026-08-31,personal_loan,SA,A,CURRENT,0,301.76,0.025713,0.036416,1.416248590207288,0.036416000000000004,0.62,Stage 1,performing,6.8131131391999995,0.022577919999999998
AUS-001903,2026-08-31,credit_card,NSW,A,CURRENT,0,308.07,0.025069,0.035504,1.416251146834736,0.03550399999999998,0.62,Stage 1,performing,6.7813847136000005,0.02201248
AUS-002597,2026-08-31,personal_loan,SA,A,CURRENT,0,414.28,0.01861,0.026356,1.4162278344975818,0.026356000000000046,0.62,Stage 1,performing,6.7696334816,0.01634072
AUS-001411,2026-08-31,credit_card,WA,B,CURRENT,0,232.65,0.032879,0.046565,1.416253535691475,0.04656499999999997,0.62,Stage 1,performing,6.716675295000001,0.0288703
AUS-000955,2026-08-31,credit_card,NSW,A,CURRENT,0,361.63,0.020638,0.029229,1.4162709564880318,0.02922899999999995,0.62,Stage 1,performing,6.553451627399999,0.01812198
AUS-001310,2026-08-31,credit_card,QLD,A,CURRENT,0,482.63,0.015091,0.021373,1.416274600755417,0.021372999999999975,0.62,Stage 1,performing,6.395455613799999,0.013251259999999999
AUS-002275,2026-08-31,credit_card,WA,A,CURRENT,0,449.43,0.016145,0.022865,1.4162279343449984,0.022865000000000024,0.62,Stage 1,performing,6.371254509,0.0141763
AUS-001731,2026-08-31,credit_card,VIC,B,CURRENT,0,104.74,0.068825,0.097473,1.4162440973483474,0.09747300000000003,0.62,Stage 1,performing,6.3297796524,0.06043326
AUS-001223,2026-08-31,credit_card,NSW,B,CURRENT,0,112.05,0.062929,0.089123,1.416246881406029,0.08912299999999995,0.62,Stage 1,performing,6.191463933,0.05525626
AUS-001803,2026-08-31,personal_loan,WA,B,CURRENT,0,227.8,0.030901,0.043764,1.4162648457978704,0.043764000000000025,0.62,Stage 1,performing,6.181052304,0.027133679999999997
AUS-002794,2026-08-31,credit_card,QLD,B,CURRENT,0,189.08,0.036669,0.051932,1.4162371485450926,0.05193199999999998,0.62,Stage 1,performing,6.0879675872000005,0.03219784
AUS-002792,2026-08-31,personal_loan,NSW,A,CURRENT,0,397.81,0.016971,0.024035,1.416239467326616,0.02403500000000003,0.62,Stage 1,performing,5.928045277,0.0149017
AUS-002405,2026-08-31,credit_card,NSW,A,CURRENT,0,231.59,0.02833,0.040122,1.4162372043769853,0.04012199999999999,0.62,Stage 1,performing,5.7609494676,0.024875639999999997
AUS-001464,2026-08-31,personal_loan,TAS,A,CURRENT,0,301.38,0.021331,0.03021,1.416248652196334,0.03020999999999996,0.62,Stage 1,performing,5.644907676,0.0187302
AUS-001909,2026-08-31,credit_card,WA,A,CURRENT,0,359.14,0.017799,0.025208,1.4162593404123829,0.025208000000000008,0.62,Stage 1,performing,5.6129846944,0.01562896
AUS-000297,2026-08-31,credit_card,VIC,C,CURRENT,0,71.7,0.088592,0.125468,1.416245259165613,0.12546800000000002,0.62,Stage 1,performing,5.577554472,0.07779016
AUS-000603,2026-08-31,credit_card,NSW,B,CURRENT,0,152.03,0.041775,0.059164,1.4162537402752844,0.059163999999999994,0.62,Stage 1,performing,5.5767158104000005,0.03668168
AUS-002570,2026-08-31,credit_card,WA,A,CURRENT,0,386.66,0.016395,0.023219,1.4162244586764257,0.02321899999999999,0.62,Stage 1,performing,5.5662722948,0.014395779999999999
AUS-000713,2026-08-31,credit_card,QLD,A,CURRENT,0,247.87,0.025404,0.035978,1.416233663989923,0.035977999999999954,0.62,Stage 1,performing,5.5290774532,0.02230636
AUS-001563,2026-08-31,credit_card,SA,A,CURRENT,0,261.14,0.023521,0.033312,1.4162663152076869,0.03331200000000001,0.62,Stage 1,performing,5.3934393216,0.020653440000000002
AUS-001713,2026-08-31,credit_card,NSW,B,CURRENT,0,195.25,0.031377,0.044438,1.416260318067374,0.04443799999999998,0.62,Stage 1,performing,5.3794420899999995,0.027551559999999996
AUS-002262,2026-08-31,credit_card,NSW,A,CURRENT,0,300.4,0.020322,0.028781,1.4162484007479579,0.028780999999999946,0.62,Stage 1,performing,5.360403688,0.01784422
AUS-001934,2026-08-31,credit_card,NSW,A,CURRENT,0,378.18,0.016085,0.02278,1.4162262977929752,0.022780000000000022,0.62,Stage 1,performing,5.341263048000001,0.014123600000000002
AUS-001447,2026-08-31,credit_card,NSW,B,CURRENT,0,191.12,0.031335,0.044378,1.4162438168182543,0.04437800000000003,0.62,Stage 1,performing,5.258544483200001,0.02751436
AUS-000428,2026-08-31,credit_card,NSW,B,CURRENT,0,144.15,0.040908,0.057936,1.416251100029334,0.05793599999999999,0.62,Stage 1,performing,5.177914128,0.03592032
AUS-000515,2026-08-31,personal_loan,NSW,A,CURRENT,0,286.02,0.019793,0.028032,1.416258273126863,0.028032000000000057,0.62,Stage 1,performing,4.9709818368,0.01737984
AUS-002257,2026-08-31,credit_card,QLD,C,CURRENT,0,77.94,0.072357,0.102476,1.4162555108697152,0.10247600000000001,0.62,Stage 1,performing,4.9519272528,0.06353512
AUS-002234,2026-08-31,credit_card,QLD,A,CURRENT,0,259.35,0.021449,0.030377,1.4162431815003031,0.030376999999999987,0.62,Stage 1,performing,4.884530469,0.01883374
AUS-002915,2026-08-31,auto_loan,QLD,A,CURRENT,0,562.22,0.015693,0.022225,1.4162365385840823,0.02222500000000005,0.38,Stage 1,performing,4.74822901,0.0084455
AUS-001083,2026-08-31,credit_card,VIC,C,CURRENT,0,70.04,0.073367,0.103906,1.4162498125860399,0.10390600000000005,0.62,Stage 1,performing,4.512097268800001,0.06442172
AUS-001754,2026-08-31,credit_card,WA,A,CURRENT,0,312.16,0.015156,0.021465,1.416270783847981,0.021464999999999956,0.62,Stage 1,performing,4.154318928,0.0133083
AUS-001419,2026-08-31,credit_card,VIC,B,CURRENT,0,125.25,0.037708,0.053404,1.416251193380715,0.05340400000000001,0.62,Stage 1,performing,4.14708762,0.03311048
AUS-000873,2026-08-31,credit_card,QLD,A,CURRENT,0,259.31,0.01788,0.025323,1.4162751677852348,0.029480712125744324,0.62,Stage 1,performing,4.071234420599999,0.015700259999999997
AUS-000591,2026-08-31,credit_card,WA,A,CURRENT,0,268.35,0.016012,0.022677,1.4162503122658008,0.022676999999999947,0.62,Stage 1,performing,3.772931229,0.01405974
AUS-002695,2026-08-31,credit_card,ACT,B,CURRENT,0,74.32,0.057064,0.080817,1.416251927660171,0.08081700000000003,0.62,Stage 1,performing,3.7239180527999993,0.05010654
AUS-002918,2026-08-31,credit_card,NSW,B,CURRENT,0,122.76,0.034446,0.048784,1.4162457179353192,0.04878400000000005,0.62,Stage 1,performing,3.7130087808000005,0.03024608
AUS-001950,2026-08-31,credit_card,TAS,A,CURRENT,0,270.68,0.015208,0.021538,1.4162283008942664,0.021538000000000057,0.62,Stage 1,performing,3.6145416208000003,0.01335356
AUS-002310,2026-08-31,credit_card,VIC,A,CURRENT,0,219.89,0.018279,0.025888,1.416270036654084,0.025888000000000022,0.62,Stage 1,performing,3.5293576384,0.016050560000000002
AUS-001945,2026-08-31,credit_card,QLD,A,CURRENT,0,197.95,0.020175,0.028573,1.4162577447335813,0.02857299999999996,0.62,Stage 1,performing,3.5067357169999998,0.01771526
AUS-002160,2026-08-31,personal_loan,QLD,A,CURRENT,0,225.86,0.017301,0.024503,1.4162765158083348,0.024503000000000053,0.62,Stage 1,performing,3.4312334996000002,0.01519186
AUS-001580,2026-08-31,credit_card,NSW,A,CURRENT,0,140.02,0.027282,0.038638,1.4162451433179384,0.03863799999999995,0.62,Stage 1,performing,3.3542575112,0.02395556
AUS-001345,2026-08-31,credit_card,NSW,A,CURRENT,0,197.26,0.017298,0.024498,1.416233090530697,0.02449800000000002,0.62,Stage 1,performing,2.9961347976,0.01518876
AUS-000966,2026-08-31,auto_loan,NSW,A,CURRENT,0,318.28,0.017007,0.024086,1.4162403716116891,0.024086000000000052,0.38,Stage 1,performing,2.9131149903999995,0.00915268
AUS-000347,2026-08-31,credit_card,QLD,A,CURRENT,0,182.07,0.017288,0.024484,1.416242480333179,0.02448399999999995,0.62,Stage 1,performing,2.7638371655999996,0.015180079999999999
AUS-000695,2026-08-31,credit_card,QLD,B,CURRENT,0,46.65,0.066845,0.094669,1.4162465405041513,0.094669,0.62,Stage 1,performing,2.738111487,0.058694779999999995
AUS-000577,2026-08-31,credit_card,SA,A,CURRENT,0,132.42,0.02256,0.031951,1.416267730496454,0.03195099999999995,0.62,Stage 1,performing,2.6231898803999996,0.01980962
AUS-001061,2026-08-31,credit_card,NSW,A,CURRENT,0,157.45,0.018856,0.026705,1.4162600763682647,0.02670499999999998,0.62,Stage 1,performing,2.6069153949999997,0.016557099999999998
AUS-002892,2026-08-31,credit_card,QLD,A,CURRENT,0,172.82,0.016102,0.022804,1.4162215873804496,0.022804000000000046,0.62,Stage 1,performing,2.4434121136,0.01413848
AUS-001583,2026-08-31,personal_loan,SA,B,CURRENT,0,76.95,0.03581,0.050716,1.4162524434515498,0.05071599999999998,0.62,Stage 1,performing,2.419609644,0.03144392
AUS-001130,2026-08-31,credit_card,NSW,B,CURRENT,0,53.5,0.051291,0.072641,1.4162523639624884,0.07264099999999996,0.62,Stage 1,performing,2.4095019699999995,0.045037419999999995
AUS-001152,2026-08-31,credit_card,WA,A,CURRENT,0,123.81,0.018637,0.026395,1.4162687127756612,0.026394999999999946,0.62,Stage 1,performing,2.0261382689999996,0.016364899999999998
AUS-002770,2026-08-31,credit_card,VIC,A,CURRENT,0,99.99,0.019767,0.027995,1.4162493043962159,0.027994999999999992,0.62,Stage 1,performing,1.7355164309999997,0.017356899999999998
AUS-000257,2026-08-31,credit_card,QLD,A,CURRENT,0,75.02,0.026253,0.037181,1.4162571896545157,0.03718100000000002,0.62,Stage 1,performing,1.7293775443999997,0.02305222
AUS-002095,2026-08-31,credit_card,NSW,A,CURRENT,0,68.07,0.025449,0.036042,1.416244253212307,0.03604200000000002,0.62,Stage 1,performing,1.5210949427999996,0.022346039999999998
AUS-002580,2026-08-31,credit_card,QLD,A,CURRENT,0,68.6,0.024962,0.035352,1.4162326736639692,0.03535200000000005,0.62,Stage 1,performing,1.503591264,0.021918240000000002
AUS-001946,2026-08-31,credit_card,NSW,A,CURRENT,0,86.03,0.01865,0.026413,1.4162466487935657,0.02641300000000002,0.62,Stage 1,performing,1.4088324417999998,0.016376059999999998
AUS-001497,2026-08-31,credit_card,SA,A,CURRENT,0,70.23,0.020372,0.028852,1.4162576084822305,0.02885199999999999,0.62,Stage 1,performing,1.2562910952000002,0.01788824
AUS-002941,2026-08-31,credit_card,VIC,A,CURRENT,0,74.96,0.017983,0.025468,1.4162264360785188,0.025468000000000046,0.62,Stage 1,performing,1.1836303935999999,0.01579016
AUS-002909,2026-08-31,credit_card,VIC,A,CURRENT,0,64.45,0.017953,0.025426,1.4162535509385619,0.02542599999999995,0.62,Stage 1,performing,1.015997534,0.01576412
AUS-001034,2026-08-31,credit_card,NSW,A,CURRENT,0,45.07,0.019845,0.028105,1.4162257495590829,0.028105000000000047,0.62,Stage 1,performing,0.7853492570000001,0.017425100000000002
AUS-001042,2026-08-31,auto_loan,ACT,C,CURRENT,0,10.27,0.085161,0.120609,1.4162468735688871,0.12060899999999997,0.38,Stage 1,performing,0.4706886834,0.04583142
AUS-001822,2026-08-31,auto_loan,NSW,C,CURRENT,0,6.59,0.079844,0.113079,1.4162491859125295,0.11307900000000004,0.38,Stage 1,performing,0.28317243179999996,0.04297002
AUS-002083,2026-08-31,auto_loan,WA,B,CURRENT,0,8.45,0.055169,0.078133,1.4162482553608002,0.07813300000000001,0.38,Stage 1,performing,0.25088506299999996,0.029690539999999998
AUS-001469,2026-08-31,auto_loan,WA,B,CURRENT,0,9.57,0.048499,0.068687,1.4162560052784594,0.06868699999999994,0.38,Stage 1,performing,0.2497871442,0.02610106
AUS-001809,2026-08-31,personal_loan,QLD,C,CURRENT,0,2.68,0.087675,0.12417,1.4162532078699743,0.12417,0.62,Stage 1,performing,0.206320872,0.0769854
AUS-000005,2026-08-31,personal_loan,SA,B,CURRENT,0,5.39,0.041511,0.05879,1.4162511141625111,0.05879000000000001,0.62,Stage 1,performing,0.196464422,0.036449800000000004
AUS-000271,2026-08-31,personal_loan,NSW,B,CURRENT,0,4.31,0.051099,0.072369,1.416250807256502,0.07236900000000002,0.62,Stage 1,performing,0.1933844418,0.044868780000000004
AUS-002125,2026-08-31,personal_loan,QLD,C,CURRENT,0,2.6,0.071736,0.101596,1.4162484665997548,0.10159600000000002,0.62,Stage 1,performing,0.16377275200000002,0.06298952000000001
AUS-000840,2026-08-31,auto_loan,VIC,B,CURRENT,0,4.3,0.067623,0.095771,1.4162489093947324,0.09577100000000005,0.38,Stage 1,performing,0.15648981399999998,0.03639298
AUS-002665,2026-08-31,auto_loan,QLD,B,CURRENT,0,5.05,0.057227,0.081048,1.4162545651528125,0.08104800000000001,0.38,Stage 1,performing,0.15553111199999997,0.030798239999999994
AUS-002295,2026-08-31,personal_loan,VIC,B,CURRENT,0,2.48,0.062967,0.089177,1.4162497816316486,0.08917700000000006,0.62,Stage 1,performing,0.13711855520000002,0.05528974000000001
AUS-000114,2026-08-31,auto_loan,VIC,B,CURRENT,0,5.46,0.043961,0.06226,1.4162553172129844,0.06225999999999998,0.38,Stage 1,performing,0.12917704800000002,0.023658800000000004
AUS-000030,2026-08-31,auto_loan,QLD,B,CURRENT,0,5.54,0.036255,0.051346,1.416246035029651,0.051346,0.38,Stage 1,performing,0.1080935992,0.01951148
AUS-000716,2026-08-31,personal_loan,VIC,C,CURRENT,0,1.05,0.089933,0.127368,1.4162543226624267,0.12736800000000004,0.62,Stage 1,performing,0.08291656800000001,0.07896816000000001
AUS-001932,2026-08-31,auto_loan,VIC,B,CURRENT,0,3.3,0.046194,0.065422,1.4162445339221543,0.06542199999999998,0.38,Stage 1,performing,0.08203918799999999,0.024860359999999998
AUS-000007,2026-08-31,auto_loan,VIC,A,CURRENT,0,5.87,0.024171,0.034232,1.4162426047743162,0.03423200000000004,0.38,Stage 1,performing,0.0763578992,0.01300816
AUS-000924,2026-08-31,auto_loan,VIC,B,CURRENT,0,3.5,0.039984,0.056627,1.4162414965986394,0.05662699999999998,0.38,Stage 1,performing,0.07531390999999998,0.021518259999999994
AUS-000020,2026-08-31,auto_loan,WA,B,CURRENT,0,2.12,0.064744,0.091694,1.4162547880884715,0.09169399999999994,0.38,Stage 1,performing,0.07386868640000001,0.03484372
AUS-001147,2026-08-31,auto_loan,QLD,B,CURRENT,0,3.46,0.037605,0.053258,1.4162478393830609,0.05325800000000003,0.38,Stage 1,performing,0.0700236184,0.02023804
AUS-001735,2026-08-31,credit_card,NSW,B,CURRENT,0,1.49,0.051998,0.073642,1.4162467787222586,0.07364199999999999,0.62,Stage 1,performing,0.0680304796,0.04565804
AUS-000118,2026-08-31,auto_loan,WA,B,CURRENT,0,2.95,0.042788,0.060599,1.4162615686641113,0.06059899999999996,0.38,Stage 1,performing,0.067931479,0.02302762
AUS-000933,2026-08-31,personal_loan,QLD,B,CURRENT,0,1.66,0.043817,0.062056,1.416253965355912,0.062056,0.62,Stage 1,performing,0.06386803519999999,0.03847472
AUS-001596,2026-08-31,auto_loan,QLD,A,CURRENT,0,3.65,0.029795,0.042197,1.4162443362980366,0.04219700000000004,0.38,Stage 1,performing,0.05852723899999999,0.016034859999999998
AUS-000141,2026-08-31,auto_loan,TAS,A,CURRENT,0,5.05,0.021143,0.029944,1.4162607009412098,0.02994399999999997,0.38,Stage 1,performing,0.057462536,0.01137872
AUS-002982,2026-08-31,personal_loan,VIC,A,CURRENT,0,2.61,0.022989,0.032558,1.416242550785158,0.032557999999999976,0.62,Stage 1,performing,0.0526853556,0.02018596
AUS-000326,2026-08-31,auto_loan,QLD,B,CURRENT,0,2.46,0.035369,0.050091,1.4162402103536995,0.050091,0.38,Stage 1,performing,0.046825066799999995,0.01903458
AUS-000880,2026-08-31,auto_loan,VIC,A,CURRENT,0,4.5,0.019212,0.027209,1.416250260254008,0.02720900000000004,0.38,Stage 1,performing,0.04652739,0.01033942
AUS-000173,2026-08-31,personal_loan,NSW,A,CURRENT,0,2.18,0.024108,0.034143,1.4162518666002986,0.034143000000000034,0.62,Stage 1,performing,0.0461476788,0.02116866
AUS-002105,2026-08-31,auto_loan,VIC,B,CURRENT,0,2.21,0.034336,0.048628,1.4162395153774463,0.048628000000000005,0.38,Stage 1,performing,0.0408377944,0.01847864
AUS-001908,2026-08-31,personal_loan,QLD,B,CURRENT,0,1.42,0.031787,0.045018,1.4162393431276936,0.045018,0.62,Stage 1,performing,0.0396338472,0.027911160000000004
AUS-001860,2026-08-31,personal_loan,NSW,A,CURRENT,0,2.28,0.019206,0.0272,1.4162240966364676,0.027200000000000002,0.62,Stage 1,performing,0.03844992,0.016864
AUS-001050,2026-08-31,personal_loan,VIC,B,CURRENT,0,1.11,0.039021,0.055263,1.416237410625048,0.05526299999999995,0.62,Stage 1,performing,0.0380319966,0.03426306
AUS-000802,2026-08-31,personal_loan,WA,A,CURRENT,0,2.06,0.020093,0.028457,1.416264370676355,0.028456999999999955,0.62,Stage 1,performing,0.0363452804,0.01764334
AUS-000956,2026-08-31,credit_card,QLD,B,CURRENT,0,0.87,0.045386,0.064278,1.4162517075750232,0.06427800000000006,0.62,Stage 1,performing,0.0346715532,0.03985236
AUS-000268,2026-08-31,personal_loan,WA,A,CURRENT,0,1.6,0.024373,0.034518,1.4162392811717885,0.03451800000000005,0.62,Stage 1,performing,0.034241856,0.02140116
AUS-001209,2026-08-31,personal_loan,NSW,A,CURRENT,0,2.05,0.018208,0.025787,1.4162456063268893,0.025787000000000004,0.62,Stage 1,performing,0.032775277,0.01598794
AUS-001194,2026-08-31,credit_card,QLD,A,CURRENT,0,1.54,0.023948,0.033916,1.4162351762151328,0.03391600000000006,0.62,Stage 1,performing,0.0323829968,0.02102792
AUS-001181,2026-08-31,auto_loan,NSW,A,CURRENT,0,2.81,0.018381,0.026032,1.4162450356346226,0.026032000000000055,0.38,Stage 1,performing,0.027796969600000002,0.00989216
AUS-001751,2026-08-31,auto_loan,SA,A,CURRENT,0,2.26,0.022408,0.031735,1.416235273116744,0.03173499999999996,0.38,Stage 1,performing,0.027254017999999998,0.0120593
AUS-002175,2026-08-31,personal_loan,VIC,A,CURRENT,0,1.28,0.022371,0.031683,1.4162531849269144,0.03168300000000002,0.62,Stage 1,performing,0.0251436288,0.01964346
AUS-000448,2026-08-31,auto_loan,QLD,A,CURRENT,0,2.3,0.019743,0.027961,1.4162487970419895,0.027961000000000014,0.38,Stage 1,performing,0.024437913999999998,0.01062518
AUS-002181,2026-08-31,auto_loan,VIC,A,CURRENT,0,2.32,0.016813,0.023811,1.4162255397608992,0.023811000000000027,0.38,Stage 1,performing,0.020991777599999997,0.00904818
AUS-000892,2026-08-31,credit_card,VIC,A,CURRENT,0,0.8,0.02653,0.037573,1.4162457595175273,0.03757299999999997,0.62,Stage 1,performing,0.018636208,0.02329526
AUS-001420,2026-08-31,credit_card,QLD,A,CURRENT,0,0.96,0.020544,0.029095,1.4162285825545171,0.029094999999999982,0.62,Stage 1,performing,0.017317344,0.0180389
AUS-002950,2026-08-31,credit_card,VIC,A,CURRENT,0,0.9,0.021735,0.030782,1.4162410858063033,0.030781999999999976,0.62,Stage 1,performing,0.017176356,0.01908484
AUS-002012,2026-08-31,personal_loan,TAS,A,CURRENT,0,1.01,0.019069,0.027006,1.4162252871152132,0.027005999999999974,0.62,Stage 1,performing,0.0169111572,0.01674372
AUS-001546,2026-08-31,personal_loan,ACT,A,CURRENT,0,1.16,0.016147,0.022868,1.4162383105220782,0.022868,0.62,Stage 1,performing,0.0164466656,0.01417816
AUS-002600,2026-08-31,credit_card,SA,A,CURRENT,0,0.89,0.01948,0.027589,1.4162731006160163,0.027588999999999975,0.62,Stage 1,performing,0.015223610199999998,0.017105179999999998
AUS-001595,2026-08-31,credit_card,QLD,A,CURRENT,0,0.98,0.016076,0.022768,1.4162727046528987,0.02276800000000001,0.62,Stage 1,performing,0.013833836799999999,0.014116159999999999
AUS-000858,2026-08-31,credit_card,QLD,A,CURRENT,0,0.71,0.017107,0.024228,1.4162623487461272,0.024228000000000027,0.62,Stage 1,performing,0.010665165599999998,0.01502136
AUS-001627,2026-08-31,personal_loan,QLD,A,CURRENT,0,0.66,0.015771,0.022336,1.4162703696658425,0.022336000000000023,0.62,Stage 1,performing,0.009139891200000002,0.013848320000000003
AUS-000322,2026-08-31,auto_loan,WA,C,DPD60,60,13148.92,0.149895,0.212289,1.4162513759631743,0.31464706886256943,0.38,Stage 2,30_plus_dpd,1572.1622719491984,0.1195658861677764
AUS-002522,2026-08-31,auto_loan,WA,B,DPD60,60,15573.23,0.03776,0.053478,1.416260593220339,0.14420380206321537,0.38,Stage 2,30_plus_dpd,853.3732110338724,0.05479744478402184
AUS-002254,2026-08-31,auto_loan,NSW,B,DPD30,30,13328.43,0.067358,0.095396,1.4162534517058107,0.09539600000000004,0.38,Stage 2,30_plus_dpd,483.16198514640024,0.036250480000000015
AUS-001049,2026-08-31,credit_card,QLD,D,DPD30,30,1549.68,0.202893,0.287347,1.4162489588108018,0.492125701591,0.62,Stage 2,30_plus_dpd,472.8351614897553,0.30511793498642
AUS-002620,2026-08-31,credit_card,WA,B,DPD60,60,3569.81,0.054158,0.076701,1.4162450607481814,0.19704445001742021,0.62,Stage 2,30_plus_dpd,436.11497383234587,0.12216755901080054
AUS-001253,2026-08-31,personal_loan,QLD,C,DPD60,60,3222.33,0.10538,0.149244,1.4162459669766558,0.1606261421699311,0.62,Stage 2,30_plus_dpd,320.9060707530291,0.09958820814535728
AUS-002790,2026-08-31,personal_loan,NSW,C,DPD60,60,3151.85,0.088742,0.125681,1.4162516057785488,0.13541225393950795,0.62,Stage 2,30_plus_dpd,264.61544979912765,0.08395559744249494
AUS-000225,2026-08-31,personal_loan,VIC,C,DPD30,30,2517.82,0.095081,0.134658,1.4162450962863242,0.13465799999999994,0.62,Stage 2,30_plus_dpd,210.2076554471999,0.08348795999999996
AUS-000757,2026-08-31,personal_loan,NSW,A,DPD60,60,11094.72,0.020209,0.028621,1.4162501855608887,0.028621000000000008,0.62,Stage 2,30_plus_dpd,196.87602829440004,0.017745020000000004
AUS-000846,2026-08-31,credit_card,QLD,B,DPD60,60,2020.97,0.047335,0.067038,1.4162459068342663,0.12453407468933453,0.62,Stage 2,30_plus_dpd,156.04136993344073,0.07721112630738741
AUS-002698,2026-08-31,personal_loan,QLD,B,DPD30,30,3360.59,0.031159,0.044129,1.4162521261914696,0.06193631928125709,0.62,Stage 2,30_plus_dpd,129.04839663230786,0.0384005179543794
AUS-002066,2026-08-31,credit_card,VIC,A,DPD30,30,2703.61,0.017935,0.0254,1.416225257875662,0.07229402467824986,0.62,Stage 2,30_plus_dpd,121.18200579742512,0.04482229530051491
AUS-002208,2026-08-31,personal_loan,VIC,C,DPD30,30,1136.69,0.087684,0.124182,1.416244696866019,0.12418200000000001,0.62,Stage 2,30_plus_dpd,87.51699129960001,0.07699284
AUS-000288,2026-08-31,personal_loan,SA,B,DPD60,60,2098.48,0.032817,0.046477,1.4162476765091263,0.04647699999999999,0.62,Stage 2,30_plus_dpd,60.469254075199984,0.028815739999999992
AUS-002908,2026-08-31,personal_loan,VIC,B,DPD60,60,1482.31,0.035299,0.049992,1.4162440862347376,0.049992000000000036,0.62,Stage 2,30_plus_dpd,45.94425774240003,0.030995040000000022
AUS-000572,2026-08-31,credit_card,ACT,B,DPD60,60,976.85,0.053435,0.075677,1.4162440348086458,0.075677,0.62,Stage 2,30_plus_dpd,45.833548019,0.046919739999999995
AUS-000720,2026-08-31,credit_card,NSW,A,DPD30,30,2083.53,0.01613,0.022844,1.416243025418475,0.03406955534851652,0.62,Stage 2,30_plus_dpd,44.01066320628268,0.021123124316080245
AUS-002907,2026-08-31,credit_card,QLD,B,DPD60,60,826.24,0.033695,0.047721,1.4162635405846564,0.08574422301591278,0.62,Stage 2,30_plus_dpd,43.924090231294024,0.05316141826986592
AUS-002988,2026-08-31,auto_loan,VIC,A,DPD60,60,1717.69,0.02598,0.036794,1.4162432640492686,0.03679399999999999,0.38,Stage 2,30_plus_dpd,24.016260626799998,0.013981719999999998
AUS-001744,2026-08-31,credit_card,VIC,B,DPD30,30,50.03,0.069512,0.098446,1.4162446771780413,0.09844600000000003,0.62,Stage 2,30_plus_dpd,3.053657095600001,0.06103652000000002
AUS-002229,2026-08-31,personal_loan,SA,B,DEFAULT,120,25925.88,0.067186,0.095152,1.4162474325008187,0.09515200000000001,0.62,Stage 3,credit_impaired_or_90_plus_dpd,16074.045600000001,0.62
AUS-001232,2026-08-31,auto_loan,NSW,B,DEFAULT,120,16350.9,0.045252,0.064088,1.4162467957217362,0.15260179585600187,0.38,Stage 3,credit_impaired_or_90_plus_dpd,6213.342,0.38
AUS-000702,2026-08-31,personal_loan,WA,C,DEFAULT,120,7847.66,0.075694,0.107202,1.4162549211298123,0.12391668321601845,0.62,Stage 3,credit_impaired_or_90_plus_dpd,4865.5491999999995,0.62
AUS-002462,2026-08-31,auto_loan,VIC,C,DPD90,90,11701.95,0.080457,0.113947,1.4162471879388991,0.11394700000000002,0.38,Stage 3,credit_impaired_or_90_plus_dpd,4446.741,0.37999999999999995
AUS-000509,2026-08-31,auto_loan,QLD,A,DEFAULT,120,10712.35,0.021066,0.029835,1.4162631728852177,0.044417023629427566,0.38,Stage 3,credit_impaired_or_90_plus_dpd,4070.693,0.38
AUS-002791,2026-08-31,credit_card,WA,C,DPD90,90,6535.36,0.092568,0.131099,1.416245354766226,0.15121307703638487,0.62,Stage 3,credit_impaired_or_90_plus_dpd,4051.9231999999997,0.62
AUS-000275,2026-08-31,auto_loan,NSW,A,DPD90,90,9334.66,0.019479,0.027587,1.41624313363109,0.04999391646172602,0.38,Stage 3,credit_impaired_or_90_plus_dpd,3547.1708,0.38
AUS-001443,2026-08-31,personal_loan,QLD,B,DEFAULT,120,4365.03,0.032886,0.046575,1.416256157635468,0.04657500000000003,0.62,Stage 3,credit_impaired_or_90_plus_dpd,2706.3185999999996,0.62
AUS-001726,2026-08-31,personal_loan,NSW,C,DEFAULT,120,4142.9,0.07722,0.109363,1.4162522662522663,0.10936299999999999,0.62,Stage 3,credit_impaired_or_90_plus_dpd,2568.598,0.62
AUS-001566,2026-08-31,auto_loan,NSW,B,DPD90,90,6490.43,0.052468,0.074308,1.4162537165510405,0.07430800000000004,0.38,Stage 3,credit_impaired_or_90_plus_dpd,2466.3634,0.38
AUS-000144,2026-08-31,auto_loan,SA,B,DPD90,90,6145.16,0.064189,0.090908,1.4162551215940427,0.09090799999999999,0.38,Stage 3,credit_impaired_or_90_plus_dpd,2335.1608,0.38
AUS-000598,2026-08-31,auto_loan,NSW,C,DEFAULT,120,6126.64,0.120105,0.170099,1.4162524457766121,0.170099,0.38,Stage 3,credit_impaired_or_90_plus_dpd,2328.1232,0.38
AUS-002010,2026-08-31,auto_loan,NSW,C,DPD90,90,4684.29,0.090693,0.128444,1.4162504272656105,0.128444,0.38,Stage 3,credit_impaired_or_90_plus_dpd,1780.0302,0.38
AUS-000370,2026-08-31,credit_card,SA,A,DPD90,90,2785.7,0.016031,0.022704,1.416256003992265,0.03386196039052969,0.62,Stage 3,credit_impaired_or_90_plus_dpd,1727.1339999999998,0.62
AUS-000444,2026-08-31,personal_loan,VIC,C,DEFAULT,120,2563.62,0.078178,0.11072,1.4162552124638645,0.11072000000000004,0.62,Stage 3,credit_impaired_or_90_plus_dpd,1589.4443999999999,0.62
AUS-000455,2026-08-31,personal_loan,VIC,B,DPD90,90,1936.59,0.067868,0.096118,1.4162491896033476,0.09611800000000004,0.62,Stage 3,credit_impaired_or_90_plus_dpd,1200.6858,0.62
AUS-001709,2026-08-31,credit_card,WA,D,DPD90,90,894.97,0.19042,0.269682,1.4162482932465075,0.2885604491331919,0.62,Stage 3,credit_impaired_or_90_plus_dpd,554.8814,0.62
AUS-000050,2026-08-31,personal_loan,NSW,B,DPD90,90,469.1,0.043263,0.061271,1.4162448281441415,0.061270999999999964,0.62,Stage 3,credit_impaired_or_90_plus_dpd,290.842,0.6199999999999999
